[{"id":"ore_rp","lootTables":["loot_ore_rp"],"eventLootTables":{}},{"id":"ore_rp_big","lootTables":["loot_ore_rp_big"],"eventLootTables":{}},{"id":"ore_copper","lootTables":["loot_ore_copper"],"eventLootTables":{}},{"id":"ore_silver","lootTables":["loot_ore_silver"],"eventLootTables":{}},{"id":"ore_gold","lootTables":["loot_ore_gold"],"eventLootTables":{}},{"id":"ore_uranium","lootTables":["loot_ore_uranium"],"eventLootTables":{}},{"id":"ore_garbage","lootTables":["loot_ore_garbage","loot_ore_garbage","loot_ore_garbage"],"eventLootTables":{}},{"id":"ore_heartmatter","lootTables":["loot_ore_heartmatter"],"eventLootTables":{"event_hell_altar":["loot_ore_heartmatter","loot_quest_hell_heart"]}},{"id":"ore_heartmatter_blue","lootTables":["loot_ore_heartmatter_blue"],"eventLootTables":{}},{"id":"ore_hell","lootTables":["loot_ore_hell"],"eventLootTables":{}},{"id":"ore_teleporter","lootTables":["loot_ore_teleporter"],"eventLootTables":{}},{"id":"ore_duck","lootTables":["loot_ore_duck"],"eventLootTables":{}},{"id":"ore_nuts","lootTables":["loot_ore_nuts"],"eventLootTables":{}},{"id":"ore_brainmatter","lootTables":["loot_ore_brainmatter"],"eventLootTables":{"event_hell_altar":["loot_ore_brainmatter","loot_quest_hell_brain"]}},{"id":"ore_arena_team_blue","lootTables":["loot_ore_arena_teams"],"eventLootTables":{}},{"id":"ore_arena_team_red","lootTables":["loot_ore_arena_teams"],"eventLootTables":{}},{"id":"ore_arena_emerald","lootTables":["loot_ore_arena_emerald"],"eventLootTables":{}},{"id":"ore_arena_gold","lootTables":["loot_ore_arena_gold"],"eventLootTables":{}},{"id":"ore_arena_health","lootTables":["loot_ore_arena_health"],"eventLootTables":{}},{"id":"ore_arena_loot","lootTables":["loot_ore_arena"],"eventLootTables":{}},{"id":"ore_testing","lootTables":["loot_mobdrop_easy"],"eventLootTables":{}},{"id":"item_crate","lootTables":["loot_cratecontents"],"eventLootTables":{}},{"id":"item_randombox_mobloot_big","lootTables":["loot_randombox_mobloot_big"],"eventLootTables":{}},{"id":"item_randombox_mobloot_medium","lootTables":["loot_randombox_mobloot_medium"],"eventLootTables":{}},{"id":"item_randombox_mobloot_small","lootTables":["loot_randombox_mobloot_small"],"eventLootTables":{}},{"id":"item_randombox_mobloot_weapons","lootTables":["loot_randombox_mobloot_weapons"],"eventLootTables":{}},{"id":"item_randombox_mobloot_zombie","lootTables":["loot_randombox_mobloot_zombie"],"eventLootTables":{}},{"id":"item_pumpkinjack","lootTables":["loot_randombox_pumpkin"],"eventLootTables":{}},{"id":"item_pumpkinjack_small","lootTables":["loot_randombox_pumpkin_small"],"eventLootTables":{}},{"id":"object_christmas_box","lootTables":["loot_christmasboxcontents","loot_christmasboxcontents","loot_christmasboxcontents","loot_christmasboxcontents","loot_christmasboxcontents","loot_christmasboxcontents","loot_christmasboxcontents","loot_christmasboxcontents","loot_christmasboxcontents","loot_christmasboxcontents","loot_christmasboxcontents","loot_christmasboxcontents"],"eventLootTables":{}},{"id":"mob_angler","lootTables":["loot_mobdrop_hard"],"eventLootTables":{"event_hell_altar":["loot_mobdrop_hard","loot_quest_hell_eye"],"event_halloween":["loot_mobdrop_hard","loot_mobdrop_halloween_hard"],"event_thanksgiving":["loot_mobdrop_hard","loot_mobdrop_thanksgiving"],"event_snowstorm":["loot_mobdrop_hard","loot_mobdrop_snowstorm"],"event_valentine":["loot_mobdrop_hard","loot_mobdrop_valentine"]}},{"id":"mob_anglermad","lootTables":["loot_mobdrop_hard"],"eventLootTables":{"event_hell_altar":["loot_mobdrop_hard","loot_quest_hell_eye"],"event_halloween":["loot_mobdrop_hard","loot_mobdrop_halloween_hard"],"event_thanksgiving":["loot_mobdrop_hard","loot_mobdrop_thanksgiving"],"event_snowstorm":["loot_mobdrop_hard","loot_mobdrop_snowstorm"],"event_valentine":["loot_mobdrop_hard","loot_mobdrop_valentine"]}},{"id":"mob_armstrong","lootTables":["loot_mobdrop_hard"],"eventLootTables":{"event_halloween":["loot_mobdrop_hard","loot_mobdrop_halloween_hard"],"event_thanksgiving":["loot_mobdrop_hard","loot_mobdrop_thanksgiving"],"event_snowstorm":["loot_mobdrop_hard","loot_mobdrop_snowstorm"],"event_valentine":["loot_mobdrop_hard","loot_mobdrop_valentine"]}},{"id":"mob_armstrongmad","lootTables":["loot_mobdrop_hard"],"eventLootTables":{"event_halloween":["loot_mobdrop_hard","loot_mobdrop_halloween_hard"],"event_thanksgiving":["loot_mobdrop_hard","loot_mobdrop_thanksgiving"],"event_snowstorm":["loot_mobdrop_hard","loot_mobdrop_snowstorm"],"event_valentine":["loot_mobdrop_hard","loot_mobdrop_valentine"]}},{"id":"mob_banshee","lootTables":["loot_mobdrop_easy"],"eventLootTables":{"event_halloween":["loot_mobdrop_halloween_hard"],"event_thanksgiving":["loot_mobdrop_thanksgiving"],"event_snowstorm":["loot_mobdrop_snowstorm"],"event_valentine":["loot_mobdrop_valentine"]}},{"id":"mob_blob","lootTables":["loot_mobdrop_normal"],"eventLootTables":{"event_halloween":["loot_mobdrop_normal","loot_mobdrop_halloween_normal"],"event_thanksgiving":["loot_mobdrop_normal","loot_mobdrop_thanksgiving"],"event_snowstorm":["loot_mobdrop_normal","loot_mobdrop_snowstorm"],"event_valentine":["loot_mobdrop_normal","loot_mobdrop_valentine"]}},{"id":"mob_bomb","lootTables":[""],"eventLootTables":{"event_halloween":[""],"event_thanksgiving":[""],"event_snowstorm":[""],"event_valentine":["loot_mobdrop_valentine"]}},{"id":"mob_bomber","lootTables":["loot_mobdrop_easy"],"eventLootTables":{"event_halloween":["loot_mobdrop_easy","loot_mobdrop_halloween_easy"],"event_thanksgiving":["loot_mobdrop_easy","loot_mobdrop_thanksgiving"],"event_snowstorm":["loot_mobdrop_easy","loot_mobdrop_snowstorm"],"event_valentine":["loot_mobdrop_easy","loot_mobdrop_valentine"]}},{"id":"mob_bomberflashbang","lootTables":["loot_mobdrop_easy"],"eventLootTables":{"event_halloween":["loot_mobdrop_easy","loot_mobdrop_halloween_easy"],"event_thanksgiving":["loot_mobdrop_easy","loot_mobdrop_thanksgiving"],"event_snowstorm":["loot_mobdrop_easy","loot_mobdrop_snowstorm"],"event_valentine":["loot_mobdrop_easy","loot_mobdrop_valentine"]}},{"id":"mob_bombermad","lootTables":["loot_mobdrop_easy"],"eventLootTables":{"event_halloween":["loot_mobdrop_easy","loot_mobdrop_halloween_easy"],"event_thanksgiving":["loot_mobdrop_easy","loot_mobdrop_thanksgiving"],"event_snowstorm":["loot_mobdrop_easy","loot_mobdrop_snowstorm"],"event_valentine":["loot_mobdrop_easy","loot_mobdrop_valentine"]}},{"id":"mob_chicken","lootTables":["loot_mobdrop_easy"],"eventLootTables":{"event_halloween":["loot_mobdrop_normal","loot_mobdrop_halloween_normal"],"event_thanksgiving":["loot_mobdrop_normal","loot_mobdrop_thanksgiving"],"event_snowstorm":["loot_mobdrop_normal","loot_mobdrop_snowstorm"],"event_valentine":["loot_mobdrop_normal","loot_mobdrop_valentine"]}},{"id":"mob_cutie","lootTables":["loot_mobdrop_easy"],"eventLootTables":{"event_halloween":["loot_mobdrop_easy","loot_mobdrop_halloween_hard"],"event_thanksgiving":["loot_mobdrop_easy","loot_mobdrop_thanksgiving"],"event_snowstorm":["loot_mobdrop_easy","loot_mobdrop_snowstorm"],"event_valentine":["loot_mobdrop_easy","loot_mobdrop_valentine"]}},{"id":"mob_cyst","lootTables":["loot_mobdrop_normal"],"eventLootTables":{"event_hell_altar":["loot_mobdrop_normal","loot_quest_hell_flesh"],"event_halloween":["loot_mobdrop_normal","loot_mobdrop_halloween_normal"],"event_thanksgiving":["loot_mobdrop_normal","loot_mobdrop_thanksgiving"],"event_snowstorm":["loot_mobdrop_normal","loot_mobdrop_snowstorm"],"event_valentine":["loot_mobdrop_normal","loot_mobdrop_valentine"]}},{"id":"mob_evileye","lootTables":["loot_mobdrop_evileye"],"eventLootTables":{"event_halloween":["loot_mobdrop_easy","loot_mobdrop_halloween_easy"],"event_thanksgiving":["loot_mobdrop_easy","loot_mobdrop_thanksgiving"],"event_snowstorm":["loot_mobdrop_easy","loot_mobdrop_snowstorm"],"event_valentine":["loot_mobdrop_easy","loot_mobdrop_valentine"]}},{"id":"mob_evileyepinata","lootTables":["loot_mobdrop_easy"],"eventLootTables":{"event_halloween":["loot_mobdrop_easy","loot_mobdrop_halloween_easy"],"event_thanksgiving":["loot_mobdrop_easy","loot_mobdrop_thanksgiving"],"event_snowstorm":["loot_mobdrop_easy","loot_mobdrop_snowstorm"],"event_valentine":["loot_mobdrop_easy","loot_mobdrop_valentine"]}},{"id":"mob_evileyepinatalarge","lootTables":["loot_mobdrop_weapon_3","loot_mobdrop_weapon_3","loot_mobdrop_weapon_3"],"eventLootTables":{"event_halloween":["loot_mobdrop_easy","loot_mobdrop_halloween_easy"],"event_thanksgiving":["loot_mobdrop_easy","loot_mobdrop_thanksgiving"],"event_snowstorm":["loot_mobdrop_easy","loot_mobdrop_snowstorm"],"event_valentine":["loot_mobdrop_easy","loot_mobdrop_valentine"]}},{"id":"mob_fakegorilla","lootTables":["loot_mobdrop_normal"],"eventLootTables":{"event_halloween":["loot_mobdrop_normal","loot_mobdrop_halloween_normal"],"event_thanksgiving":["loot_mobdrop_normal","loot_mobdrop_thanksgiving"],"event_snowstorm":["loot_mobdrop_normal","loot_mobdrop_snowstorm"],"event_valentine":["loot_mobdrop_normal","loot_mobdrop_valentine"]}},{"id":"mob_flyingswarm","lootTables":["loot_mobdrop_normal"],"eventLootTables":{"event_halloween":["loot_mobdrop_normal","loot_mobdrop_halloween_normal"],"event_thanksgiving":["loot_mobdrop_normal","loot_mobdrop_thanksgiving"],"event_snowstorm":["loot_mobdrop_normal","loot_mobdrop_snowstorm"],"event_valentine":["loot_mobdrop_normal","loot_mobdrop_valentine"]}},{"id":"mob_giantthrower","lootTables":["loot_mobdrop_normal"],"eventLootTables":{"event_halloween":["loot_mobdrop_normal","loot_mobdrop_halloween_normal"],"event_thanksgiving":["loot_mobdrop_normal","loot_mobdrop_thanksgiving"],"event_snowstorm":["loot_mobdrop_normal","loot_mobdrop_snowstorm"],"event_valentine":["loot_mobdrop_normal","loot_mobdrop_valentine"]}},{"id":"mob_lanky","lootTables":["loot_mobdrop_normal"],"eventLootTables":{"event_halloween":["loot_mobdrop_normal","loot_mobdrop_halloween_normal"],"event_thanksgiving":["loot_mobdrop_normal","loot_mobdrop_thanksgiving"],"event_snowstorm":["loot_mobdrop_normal","loot_mobdrop_snowstorm"],"event_valentine":["loot_mobdrop_normal","loot_mobdrop_valentine"]}},{"id":"mob_bighead","lootTables":["loot_mobdrop_normal"],"eventLootTables":{}},{"id":"mob_nextbot","lootTables":["loot_mobdrop_hard"],"eventLootTables":{"event_halloween":["loot_mobdrop_hard","loot_mobdrop_halloween_hard"],"event_thanksgiving":["loot_mobdrop_hard","loot_mobdrop_thanksgiving"],"event_snowstorm":["loot_mobdrop_hard","loot_mobdrop_snowstorm"],"event_valentine":["loot_mobdrop_hard","loot_mobdrop_valentine"]}},{"id":"mob_nextbotstatic","lootTables":["loot_mobdrop_hard"],"eventLootTables":{"event_halloween":["loot_mobdrop_normal","loot_mobdrop_halloween_normal"],"event_thanksgiving":["loot_mobdrop_normal","loot_mobdrop_thanksgiving"],"event_snowstorm":["loot_mobdrop_normal","loot_mobdrop_snowstorm"],"event_valentine":["loot_mobdrop_normal","loot_mobdrop_valentine"]}},{"id":"mob_phantom","lootTables":["loot_mobdrop_easy"],"eventLootTables":{"event_halloween":["loot_mobdrop_easy","loot_mobdrop_halloween_easy"],"event_thanksgiving":["loot_mobdrop_easy","loot_mobdrop_thanksgiving"],"event_snowstorm":["loot_mobdrop_easy","loot_mobdrop_snowstorm"],"event_valentine":["loot_mobdrop_easy","loot_mobdrop_valentine"]}},{"id":"mob_redgreen","lootTables":["loot_mobdrop_easy"],"eventLootTables":{"event_halloween":["loot_mobdrop_easy","loot_mobdrop_halloween_easy"],"event_thanksgiving":["loot_mobdrop_easy","loot_mobdrop_thanksgiving"],"event_snowstorm":["loot_mobdrop_easy","loot_mobdrop_snowstorm"],"event_valentine":["loot_mobdrop_easy","loot_mobdrop_valentine"]}},{"id":"mob_redgreenmad","lootTables":["loot_mobdrop_easy"],"eventLootTables":{"event_halloween":["loot_mobdrop_easy","loot_mobdrop_halloween_easy"],"event_thanksgiving":["loot_mobdrop_easy","loot_mobdrop_thanksgiving"],"event_snowstorm":["loot_mobdrop_easy","loot_mobdrop_snowstorm"],"event_valentine":["loot_mobdrop_easy","loot_mobdrop_valentine"]}},{"id":"mob_segway","lootTables":["loot_mobdrop_hard"],"eventLootTables":{"event_halloween":["loot_mobdrop_hard","loot_mobdrop_halloween_hard"],"event_thanksgiving":["loot_mobdrop_hard","loot_mobdrop_thanksgiving"],"event_snowstorm":["loot_mobdrop_hard","loot_mobdrop_snowstorm"],"event_valentine":["loot_mobdrop_hard","loot_mobdrop_valentine"]}},{"id":"mob_spider","lootTables":["loot_mobdrop_normal"],"eventLootTables":{"event_halloween":["loot_mobdrop_normal","loot_mobdrop_halloween_normal"],"event_thanksgiving":["loot_mobdrop_normal","loot_mobdrop_thanksgiving"],"event_snowstorm":["loot_mobdrop_normal","loot_mobdrop_snowstorm"],"event_valentine":["loot_mobdrop_normal","loot_mobdrop_valentine"]}},{"id":"mob_forestmob","lootTables":["loot_mobdrop_normal"],"eventLootTables":{}},{"id":"mob_mimic","lootTables":["loot_mobdrop_mimic"],"eventLootTables":{}},{"id":"mob_graveyardboss","lootTables":["loot_gy_boss"],"eventLootTables":{}},{"id":"horde_zombies","lootTables":["loot_mobdrop_zombie"],"eventLootTables":{}},{"id":"mob_longaisle","lootTables":[],"eventLootTables":{"event_halloween":["loot_mobdrop_easy"],"event_thanksgiving":["loot_mobdrop_easy"],"event_snowstorm":["loot_mobdrop_easy"],"event_valentine":["loot_mobdrop_easy"]}}]