[{"id":"item_ac_cola","netID":234,"name":"AC Cola","description":"Tastes just like the real thing.","category":"Loot","categoryV2":"Loot","subcategoryV2":"","price":9999,"value":32,"isNew":false,"isVariant":false,"unlockPrice":0,"unlockable":0,"unlockDeps":[]},{"id":"item_alphablade","netID":206,"name":"Alpha Blade","description":"Like the stars in the sky. Caution: Also as hot as them.","category":"Weapons","categoryV2":"Weapons","subcategoryV2":"Melee","price":2099,"value":89,"isNew":false,"isVariant":false,"unlockPrice":5,"unlockable":3,"unlockDeps":[],"legacyResearchNode":"node_alphablade"},{"id":"item_anti_gravity_grenade","netID":152,"name":"Anti Gravity Grenade","description":"Briefly disables gravity within a small area.","category":"Explosives","categoryV2":"Weapons","subcategoryV2":"Explosives","price":299,"value":23,"isNew":false,"isVariant":false,"unlockPrice":3,"unlockable":2,"unlockDeps":[],"legacyResearchNode":"node_antigrav_grenade"},{"id":"item_apple","netID":71,"name":"Apple","description":"An apple a day keeps the doctor away!","category":"Loot","categoryV2":"Loot","subcategoryV2":"","price":200,"value":7,"isNew":false,"isVariant":false,"unlockPrice":0,"unlockable":0,"unlockDeps":[]},{"id":"item_arena_pistol","netID":154,"name":"Pistol","description":"...","category":"Hidden","categoryV2":"Hidden","subcategoryV2":"","price":2147483647,"value":0,"isNew":false,"isVariant":false,"unlockPrice":0,"unlockable":0,"unlockDeps":[]},{"id":"item_arena_shotgun","netID":155,"name":"Shotgun","description":"...","category":"Hidden","categoryV2":"Hidden","subcategoryV2":"","price":2147483647,"value":0,"isNew":false,"isVariant":false,"unlockPrice":0,"unlockable":0,"unlockDeps":[]},{"id":"item_arrow","netID":103,"name":"Arrow","description":"Can be attached to the crossbow.","category":"Ammo","categoryV2":"Weapons","subcategoryV2":"Ammo","price":199,"value":8,"isNew":false,"isVariant":false,"unlockPrice":1,"unlockable":2,"unlockDeps":[],"legacyResearchNode":"node_arrow"},{"id":"item_arrow_bomb","netID":173,"name":"Bomb Arrow","description":"An arrow with a bomb attached. Hit something with it and watch it explode.","category":"Ammo","categoryV2":"Weapons","subcategoryV2":"Ammo","price":299,"value":18,"isNew":false,"isVariant":false,"unlockPrice":3,"unlockable":2,"unlockDeps":[],"legacyResearchNode":"node_arrow_bomb"},{"id":"item_arrow_heart","netID":116,"name":"Heart Arrow","description":"A love-themed arrow that will have your targets seeing hearts! ","category":"Ammo","categoryV2":"Weapons","subcategoryV2":"Ammo","price":199,"value":8,"isNew":false,"isVariant":true,"unlockPrice":3,"unlockable":2,"unlockDeps":["item_arrow"],"legacyResearchNode":"node_arrow_heart"},{"id":"item_arrow_lightbulb","netID":105,"name":"Lightbulb Arrow","description":"An arrow that illuminates the surrounding area.","category":"Ammo","categoryV2":"Weapons","subcategoryV2":"Ammo","price":249,"value":10,"isNew":false,"isVariant":false,"unlockPrice":3,"unlockable":2,"unlockDeps":[],"legacyResearchNode":"node_arrow_lightbulb"},{"id":"item_arrow_teleport","netID":174,"name":"Teleport Arrow","description":"Teleport more accurately with the precision of an arrow.","category":"Ammo","categoryV2":"Weapons","subcategoryV2":"Ammo","price":299,"value":19,"isNew":false,"isVariant":false,"unlockPrice":3,"unlockable":2,"unlockDeps":[],"legacyResearchNode":"node_arrow_teleport"},{"id":"item_axe","netID":205,"name":"Chaos Axe","description":"Even gods falter before you.","category":"Weapons","categoryV2":"Weapons","subcategoryV2":"Melee","price":1499,"value":142,"isNew":false,"isVariant":false,"unlockPrice":4,"unlockable":2,"unlockDeps":[],"legacyResearchNode":"node_axe"},{"id":"item_backpack","netID":1,"name":"Backpack","description":"The perfect adventurers pack. Has a base capacity of 10 items.","category":"Bags","categoryV2":"Bags & Gadgets","subcategoryV2":"Bags","price":49,"value":2,"isNew":false,"isVariant":false,"unlockPrice":2,"unlockable":2,"unlockDeps":[],"legacyResearchNode":"node_backpack"},{"id":"item_backpack_black","netID":2,"name":"Black Backpack","description":"The perfect adventurers pack. Has a base capacity of 10 items. Now in a stylish Black!","category":"Hidden","categoryV2":"Hidden","subcategoryV2":"","price":49,"value":2,"isNew":false,"isVariant":false,"unlockPrice":0,"unlockable":0,"unlockDeps":[]},{"id":"item_backpack_green","netID":3,"name":"Green Backpack","description":"The perfect adventurers pack. Has a base capacity of 10 items. Now in a stylish Green!","category":"Hidden","categoryV2":"Hidden","subcategoryV2":"","price":49,"value":2,"isNew":false,"isVariant":false,"unlockPrice":0,"unlockable":0,"unlockDeps":[]},{"id":"item_backpack_large_base","netID":88,"name":"Large Backpack","description":"A massive pack with an extended capacity. Has a base capacity of 20 items.","category":"Bags","categoryV2":"Bags & Gadgets","subcategoryV2":"Bags","price":299,"value":15,"isNew":false,"isVariant":false,"unlockPrice":5,"unlockable":2,"unlockDeps":[],"legacyResearchNode":"node_backpack_large"},{"id":"item_backpack_large_basketball","netID":138,"name":"Large Basketball Print Backpack","description":"A massive pack with an extended capacity. Has a base capacity of 20 items.","category":"Bags","categoryV2":"Bags & Gadgets","subcategoryV2":"Bags","price":299,"value":15,"isNew":false,"isVariant":true,"unlockPrice":3,"unlockable":2,"unlockDeps":["item_backpack_large_base"],"legacyResearchNode":"node_backpack_large_basketball"},{"id":"item_backpack_large_clover","netID":137,"name":"Large Clover Print Backpack","description":"A massive pack with an extended capacity. Has a base capacity of 20 items.","category":"Bags","categoryV2":"Bags & Gadgets","subcategoryV2":"Bags","price":299,"value":15,"isNew":false,"isVariant":true,"unlockPrice":3,"unlockable":2,"unlockDeps":["item_backpack_large_base"],"legacyResearchNode":"node_backpack_large_clover"},{"id":"item_backpack_pink","netID":4,"name":"Pink Backpack","description":"The perfect adventurers pack. Has a base capacity of 10 items. Now in a stylish Pink!","category":"Hidden","categoryV2":"Hidden","subcategoryV2":"","price":49,"value":2,"isNew":false,"isVariant":false,"unlockPrice":0,"unlockable":0,"unlockDeps":[]},{"id":"item_backpack_realistic","netID":250,"name":"R3@L 13ackp@ck","description":"Too cool for school?","category":"Hidden","categoryV2":"Hidden","subcategoryV2":"","price":1010,"value":11,"isNew":false,"isVariant":false,"unlockPrice":0,"unlockable":0,"unlockDeps":[]},{"id":"item_backpack_small_base","netID":87,"name":"Small Backpack","description":"Has a base capacity of 5 items.","category":"Bags","categoryV2":"Bags & Gadgets","subcategoryV2":"Bags","price":29,"value":1,"isNew":false,"isVariant":false,"unlockPrice":0,"unlockable":1,"unlockDeps":[]},{"id":"item_backpack_white","netID":5,"name":"White Backpack","description":"The perfect adventurers pack. Has a base capacity of 10 items. Now in a stylish White!","category":"Hidden","categoryV2":"Hidden","subcategoryV2":"","price":49,"value":2,"isNew":false,"isVariant":false,"unlockPrice":0,"unlockable":0,"unlockDeps":[]},{"id":"item_backpack_with_flashlight","netID":6,"name":"Backpack with Flashlight","description":"The perfect combination. Lights up dark hallways and has a base capacity of 10 items.","category":"Hidden","categoryV2":"Hidden","subcategoryV2":"","price":499,"value":35,"isNew":false,"isVariant":false,"unlockPrice":0,"unlockable":0,"unlockDeps":[]},{"id":"item_balloon","netID":75,"name":"Balloon","description":"A tool that helps you defy gravity...but not too much.","category":"Toys","categoryV2":"Toys","subcategoryV2":"Misc","price":149,"value":12,"isNew":false,"isVariant":false,"unlockPrice":3,"unlockable":2,"unlockDeps":[],"legacyResearchNode":"node_balloon"},{"id":"item_balloon_heart","netID":115,"name":"Heart Balloon","description":"Heart shaped balloon! For when love has you floating on air!","category":"Toys","categoryV2":"Toys","subcategoryV2":"Misc","price":149,"value":12,"isNew":false,"isVariant":true,"unlockPrice":1,"unlockable":2,"unlockDeps":["item_balloon"],"legacyResearchNode":"node_balloon_heart"},{"id":"item_banana","netID":23,"name":"Banana","description":"Go bananas! Turn this in for Nuts.","category":"Hidden","categoryV2":"Hidden","subcategoryV2":"","price":2147483647,"value":25,"isNew":false,"isVariant":false,"unlockPrice":0,"unlockable":0,"unlockDeps":[]},{"id":"item_banana_chips","netID":204,"name":"Banana Chips","description":"A tasty snack. Contains 1% banana juice.","category":"Consumables","categoryV2":"Consumables","subcategoryV2":"Food","price":999,"value":10,"isNew":false,"isVariant":false,"unlockPrice":0,"unlockable":0,"unlockDeps":[]},{"id":"item_baseball_bat","netID":63,"name":"Baseball Bat","description":"A weapon that's great for hitting monsters out of the park.","category":"Weapons","categoryV2":"Weapons","subcategoryV2":"Melee","price":349,"value":19,"isNew":false,"isVariant":false,"unlockPrice":1,"unlockable":2,"unlockDeps":[],"legacyResearchNode":"node_baseball_bat"},{"id":"item_beans","netID":251,"name":"Can of Beans","description":"High in fiber.","category":"Loot","categoryV2":"Loot","subcategoryV2":"","price":9999,"value":12,"isNew":false,"isVariant":false,"unlockPrice":0,"unlockable":0,"unlockDeps":[]},{"id":"item_big_cup","netID":38,"name":"Big Cup","description":"Much more valuable than a little cup. Turn it in for Nuts.","category":"Loot","categoryV2":"Loot","subcategoryV2":"","price":2147483647,"value":35,"isNew":false,"isVariant":false,"unlockPrice":0,"unlockable":0,"unlockDeps":[]},{"id":"item_bighead_larva","netID":202,"name":"BigHead Larva","description":"Wiggling larva. Eating it does... nothing? Probably.","category":"Loot","categoryV2":"Loot","subcategoryV2":"","price":299,"value":18,"isNew":false,"isVariant":false,"unlockPrice":0,"unlockable":0,"unlockDeps":[]},{"id":"item_bloodlust_vial","netID":211,"name":"Bloodlust Vial","description":"Drink it for speed and lightness on your feet.","category":"Loot","categoryV2":"Loot","subcategoryV2":"","price":9999,"value":42,"isNew":false,"isVariant":false,"unlockPrice":0,"unlockable":0,"unlockDeps":[]},{"id":"item_boombox","netID":7,"name":"Boombox","description":"Carry this device around for vibes on the go!","category":"Loot","categoryV2":"Loot","subcategoryV2":"","price":564,"value":3,"isNew":false,"isVariant":false,"unlockPrice":0,"unlockable":0,"unlockDeps":[]},{"id":"item_boombox_neon","netID":153,"name":"Neon Boombox","description":"Carry this device around for vibes on the go!","category":"Toys","categoryV2":"Toys","subcategoryV2":"Instruments","price":564,"value":3,"isNew":false,"isVariant":false,"unlockPrice":0,"unlockable":0,"unlockDeps":[]},{"id":"item_boomerang","netID":196,"name":"Boomerang","description":"Always comes back. Maybe.","category":"Weapons","categoryV2":"Weapons","subcategoryV2":"Projectile","price":499,"value":20,"isNew":false,"isVariant":false,"unlockPrice":2,"unlockable":2,"unlockDeps":[],"legacyResearchNode":"node_boomerang"},{"id":"item_box_fan","netID":122,"name":"Box Fan","description":"It blows air.","category":"Gadgets","categoryV2":"Bags & Gadgets","subcategoryV2":"Movement","price":999,"value":36,"isNew":false,"isVariant":false,"unlockPrice":3,"unlockable":2,"unlockDeps":[],"legacyResearchNode":"node_boxfan"},{"id":"item_brain_chunk","netID":178,"name":"Brain Matter","description":"A chunk of hyper intelligence.","category":"Loot","categoryV2":"Loot","subcategoryV2":"","price":9999,"value":512,"isNew":false,"isVariant":false,"unlockPrice":0,"unlockable":0,"unlockDeps":[]},{"id":"item_broccoli_grenade","netID":165,"name":"Mega Broccoli Bomb","description":"A dangerous-looking vegetable...bomb.","category":"Consumables","categoryV2":"Consumables","subcategoryV2":"Sus","price":999,"value":40,"isNew":false,"isVariant":false,"unlockPrice":5,"unlockable":2,"unlockDeps":[],"legacyResearchNode":"node_mega_broccoli_bomb"},{"id":"item_broccoli_shrink_grenade","netID":166,"name":"Micro Broccoli Bomb","description":"A dangerous-looking vegetable...bomb.","category":"Consumables","categoryV2":"Consumables","subcategoryV2":"Sus","price":999,"value":40,"isNew":false,"isVariant":false,"unlockPrice":5,"unlockable":2,"unlockDeps":[],"legacyResearchNode":"node_micro_broccoli_bomb"},{"id":"item_broom","netID":254,"name":"Broom","description":"Hop on and hold tight. Sweeps you off your feet.","category":"Gadgets","categoryV2":"Bags & Gadgets","subcategoryV2":"Movement","price":9999,"value":45,"isNew":false,"isVariant":false,"unlockPrice":5,"unlockable":3,"unlockDeps":[],"legacyResearchNode":"node_broom"},{"id":"item_broom_halloween","netID":255,"name":"Wicked Broom","description":"Classic ride, now bewitched. Hop on and cackle through the night.","category":"Loot","categoryV2":"Loot","subcategoryV2":"","price":9999,"value":66,"isNew":false,"isVariant":false,"unlockPrice":0,"unlockable":0,"unlockDeps":[]},{"id":"item_burrito","netID":253,"name":"Burrito","description":"Eat burrito, become torpedo.","category":"Loot","categoryV2":"Loot","subcategoryV2":"","price":9999,"value":6,"isNew":false,"isVariant":false,"unlockPrice":0,"unlockable":0,"unlockDeps":[]},{"id":"item_calculator","netID":126,"name":"Calculator","description":"Helpful for number crunching","category":"Loot","categoryV2":"Loot","subcategoryV2":"","price":999,"value":32,"isNew":false,"isVariant":false,"unlockPrice":0,"unlockable":0,"unlockDeps":[]},{"id":"item_cardboard_box","netID":145,"name":"Cardboard Box","description":"A box. You get this sudden urge to hide inside it.","category":"Gadgets","categoryV2":"Bags & Gadgets","subcategoryV2":"Recon","price":499,"value":20,"isNew":false,"isVariant":false,"unlockPrice":3,"unlockable":2,"unlockDeps":[],"legacyResearchNode":"node_cardboardbox"},{"id":"item_ceo_plaque","netID":179,"name":"CEO Plaque","description":"This belongs to the big man upstairs.","category":"Loot","categoryV2":"Loot","subcategoryV2":"","price":9999,"value":306,"isNew":false,"isVariant":false,"unlockPrice":0,"unlockable":0,"unlockDeps":[]},{"id":"item_clapper","netID":78,"name":"Clapper","description":"Lights, camera, action!","category":"Toys","categoryV2":"Toys","subcategoryV2":"Misc","price":99,"value":1,"isNew":false,"isVariant":false,"unlockPrice":1,"unlockable":2,"unlockDeps":[],"legacyResearchNode":"node_clapper"},{"id":"item_cluster_grenade","netID":80,"name":"Cluster Grenade","description":"One grenade, multiple explosions. It\u2019s like a fireworks show but with more danger.","category":"Explosives","categoryV2":"Weapons","subcategoryV2":"Explosives","price":599,"value":14,"isNew":false,"isVariant":false,"unlockPrice":3,"unlockable":2,"unlockDeps":[],"legacyResearchNode":"node_cluster_grenade"},{"id":"item_coconut_shell","netID":233,"name":"Coconut Shell","description":"Clank them around as if you are a knight riding a horse.","category":"Loot","categoryV2":"Loot","subcategoryV2":"","price":9999,"value":13,"isNew":false,"isVariant":false,"unlockPrice":0,"unlockable":0,"unlockDeps":[]},{"id":"item_cola","netID":25,"name":"Cola","description":"Bubbly sugar water. Turn this in for Nuts.","category":"Hidden","categoryV2":"Hidden","subcategoryV2":"","price":2147483647,"value":27,"isNew":false,"isVariant":false,"unlockPrice":0,"unlockable":0,"unlockDeps":[]},{"id":"item_cola_large","netID":26,"name":"Large Cola","description":"The regular size cola wasn't enough. Turn this in for Nuts.","category":"Hidden","categoryV2":"Hidden","subcategoryV2":"","price":2147483647,"value":49,"isNew":false,"isVariant":false,"unlockPrice":0,"unlockable":0,"unlockDeps":[]},{"id":"item_company_ration","netID":67,"name":"Company Ration","description":"Experimental sustenance. Eat for a boost in productivity. May have side effects.","category":"Consumables","categoryV2":"Consumables","subcategoryV2":"Food","price":219,"value":17,"isNew":false,"isVariant":false,"unlockPrice":1,"unlockable":2,"unlockDeps":[],"legacyResearchNode":"node_company_ration"},{"id":"item_company_ration_heal","netID":121,"name":"Company Ration","description":"Optimized for survival. Contents undisclosed.","category":"Consumables","categoryV2":"Consumables","subcategoryV2":"Food","price":219,"value":17,"isNew":false,"isVariant":false,"unlockPrice":0,"unlockable":0,"unlockDeps":[]},{"id":"item_cracker","netID":72,"name":"Cracker","description":"Some dry biscuits that would pair well with soup.","category":"Loot","categoryV2":"Loot","subcategoryV2":"","price":200,"value":4,"isNew":false,"isVariant":false,"unlockPrice":0,"unlockable":0,"unlockDeps":[]},{"id":"item_crate","netID":8,"name":"Crate","description":"Turn this in for Nuts.","category":"Loot","categoryV2":"Loot","subcategoryV2":"","price":2147483647,"value":500,"isNew":false,"isVariant":false,"unlockPrice":0,"unlockable":0,"unlockDeps":[]},{"id":"item_crossbow","netID":9,"name":"Crossbow","description":"Attach almost anything and launch to create improvised weapons.","category":"Weapons","categoryV2":"Weapons","subcategoryV2":"Projectile","price":1499,"value":47,"isNew":false,"isVariant":false,"unlockPrice":3,"unlockable":2,"unlockDeps":[],"legacyResearchNode":"node_crossbow"},{"id":"item_crossbow_heart","netID":117,"name":"Heart Crossbow","description":"A love-themed crossbow...because nothing says romance like a high-velocity declaration of love!","category":"Weapons","categoryV2":"Weapons","subcategoryV2":"Projectile","price":1499,"value":47,"isNew":false,"isVariant":true,"unlockPrice":4,"unlockable":2,"unlockDeps":["item_crossbow"],"legacyResearchNode":"node_crossbow_heart"},{"id":"item_crowbar","netID":10,"name":"Crowbar","description":"A versatile tool for smashing things and fighting monsters.","category":"Weapons","categoryV2":"Weapons","subcategoryV2":"Melee","price":399,"value":23,"isNew":false,"isVariant":false,"unlockPrice":1,"unlockable":2,"unlockDeps":[],"legacyResearchNode":"node_crowbar"},{"id":"item_cutie_dead","netID":193,"name":"AN152 Dead Body","description":"Still kinda cute.","category":"Loot","categoryV2":"Loot","subcategoryV2":"","price":9999,"value":266,"isNew":false,"isVariant":false,"unlockPrice":0,"unlockable":0,"unlockDeps":[]},{"id":"item_d20","netID":180,"name":"D20","description":"A 20 sided die.","category":"Loot","categoryV2":"Loot","subcategoryV2":"","price":9999,"value":64,"isNew":false,"isVariant":false,"unlockPrice":0,"unlockable":0,"unlockDeps":[]},{"id":"item_demon_sword","netID":238,"name":"Demon Sword","description":"The eye seems to follow you everywhere...judging you.","category":"Hidden","categoryV2":"Hidden","subcategoryV2":"","price":9999,"value":15,"isNew":false,"isVariant":false,"unlockPrice":0,"unlockable":0,"unlockDeps":[]},{"id":"item_disc","netID":127,"name":"DVD","description":"May or may not contain a ripped copy of ROTK.","category":"Loot","categoryV2":"Loot","subcategoryV2":"","price":999,"value":100,"isNew":false,"isVariant":false,"unlockPrice":0,"unlockable":0,"unlockDeps":[]},{"id":"item_disposable_camera","netID":11,"name":"Disposable Camera","description":"A digital camera. Take pictures of monsters and sell the camera for profit.","category":"Gadgets","categoryV2":"Bags & Gadgets","subcategoryV2":"Tech","price":199,"value":3,"isNew":false,"isVariant":false,"unlockPrice":1,"unlockable":2,"unlockDeps":[],"legacyResearchNode":"node_disposable_camera"},{"id":"item_drill","netID":176,"name":"BFD9000","description":"When pickaxes aren't enough, you bring the BFD.","category":"Weapons","categoryV2":"Weapons","subcategoryV2":"Melee","price":1999,"value":122,"isNew":false,"isVariant":false,"unlockPrice":4,"unlockable":2,"unlockDeps":[],"legacyResearchNode":"node_drill"},{"id":"item_drill_neon","netID":201,"name":"BFD9000-N","description":"When pickaxes aren't enough, you bring the BFD-N.","category":"Weapons","categoryV2":"Weapons","subcategoryV2":"Melee","price":1999,"value":122,"isNew":false,"isVariant":true,"unlockPrice":5,"unlockable":3,"unlockDeps":[],"legacyResearchNode":"node_drill_neon"},{"id":"item_dynamite","netID":83,"name":"Dynamite","description":"For when subtlety just isn't an option. Light the fuse and throw!","category":"Explosives","categoryV2":"Weapons","subcategoryV2":"Explosives","price":249,"value":21,"isNew":false,"isVariant":false,"unlockPrice":1,"unlockable":2,"unlockDeps":[],"legacyResearchNode":"node_dynamite"},{"id":"item_dynamite_cube","netID":143,"name":"Cube Dynamite","description":"For when subtlety just isn't an option. Light the fuse and throw!","category":"Explosives","categoryV2":"Weapons","subcategoryV2":"Explosives","price":249,"value":21,"isNew":false,"isVariant":true,"unlockPrice":3,"unlockable":2,"unlockDeps":["item_dynamite"],"legacyResearchNode":"node_dynamite_cube"},{"id":"item_egg","netID":27,"name":"Egg","description":"Beware its mother. Turn this in for Nuts.","category":"Hidden","categoryV2":"Hidden","subcategoryV2":"","price":2147483647,"value":2626,"isNew":false,"isVariant":false,"unlockPrice":0,"unlockable":0,"unlockDeps":[]},{"id":"item_electrical_tape","netID":181,"name":"Electrical Tape","description":"Electrically resistant tape.","category":"Loot","categoryV2":"Loot","subcategoryV2":"","price":9999,"value":48,"isNew":false,"isVariant":false,"unlockPrice":0,"unlockable":0,"unlockDeps":[]},{"id":"item_eraser","netID":182,"name":"Eraser","description":"Used to erase your mistakes.","category":"Loot","categoryV2":"Loot","subcategoryV2":"","price":9999,"value":100,"isNew":false,"isVariant":false,"unlockPrice":0,"unlockable":0,"unlockDeps":[]},{"id":"item_finger_board","netID":183,"name":"Finger Board","description":"Great for impressing your friends.","category":"Loot","categoryV2":"Loot","subcategoryV2":"","price":9999,"value":165,"isNew":false,"isVariant":false,"unlockPrice":0,"unlockable":0,"unlockDeps":[]},{"id":"item_flamethrower_skull","netID":210,"name":"Flamethrower Skull","description":"A skull that throws flames.","category":"Loot","categoryV2":"Loot","subcategoryV2":"","price":9999,"value":999,"isNew":false,"isVariant":false,"unlockPrice":0,"unlockable":0,"unlockDeps":[]},{"id":"item_flamethrower_skull_ruby","netID":232,"name":"Ruby Flamethrower Skull","description":"A skull that throws flames. Super Rare.","category":"Loot","categoryV2":"Loot","subcategoryV2":"","price":9999,"value":1000,"isNew":false,"isVariant":false,"unlockPrice":0,"unlockable":0,"unlockDeps":[]},{"id":"item_flaregun","netID":12,"name":"Flaregun","description":"Fires a single use flare that lights up the environment and stuns enemies caught in the explosion.","category":"Weapons","categoryV2":"Weapons","subcategoryV2":"Projectile","price":199,"value":20,"isNew":false,"isVariant":false,"unlockPrice":1,"unlockable":2,"unlockDeps":[],"legacyResearchNode":"node_flaregun"},{"id":"item_flashbang","netID":13,"name":"Flashbang","description":"Blind and deafen your enemies with an explosion and flash of bright light!","category":"Explosives","categoryV2":"Weapons","subcategoryV2":"Explosives","price":99,"value":10,"isNew":false,"isVariant":false,"unlockPrice":1,"unlockable":2,"unlockDeps":[],"legacyResearchNode":"node_flashbang"},{"id":"item_flashlight","netID":14,"name":"Flashlight","description":"Perfect for lighting up spooky corridors and ominous caverns.","category":"Gadgets","categoryV2":"Bags & Gadgets","subcategoryV2":"Lights","price":49,"value":4,"isNew":false,"isVariant":false,"unlockPrice":0,"unlockable":1,"unlockDeps":[]},{"id":"item_flashlight_mega","netID":15,"name":"Mega Flashlight","description":"Flood the room with light. World's brightest flashlight.","category":"Gadgets","categoryV2":"Bags & Gadgets","subcategoryV2":"Lights","price":999,"value":35,"isNew":false,"isVariant":false,"unlockPrice":3,"unlockable":2,"unlockDeps":[],"legacyResearchNode":"node_flashlight_mega"},{"id":"item_flashlight_red","netID":55,"name":"Red Flashlight","description":"Perfect for lighting up spooky corridors and ominous caverns. Now in red!","category":"Loot","categoryV2":"Loot","subcategoryV2":"","price":69,"value":5,"isNew":false,"isVariant":false,"unlockPrice":0,"unlockable":0,"unlockDeps":[]},{"id":"item_flipflop_realistic","netID":244,"name":"R3@L $@nda1","description":"How would you even wear this?","category":"Hidden","categoryV2":"Hidden","subcategoryV2":"","price":1010,"value":1,"isNew":false,"isVariant":false,"unlockPrice":0,"unlockable":0,"unlockDeps":[]},{"id":"item_floppy3","netID":128,"name":"Floppy Disc","description":"A relic of a bygone era.","category":"Loot","categoryV2":"Loot","subcategoryV2":"","price":999,"value":64,"isNew":false,"isVariant":false,"unlockPrice":0,"unlockable":0,"unlockDeps":[]},{"id":"item_floppy5","netID":129,"name":"Floppy Disc","description":"A relic of a bygone era.","category":"Loot","categoryV2":"Loot","subcategoryV2":"","price":999,"value":64,"isNew":false,"isVariant":false,"unlockPrice":0,"unlockable":0,"unlockDeps":[]},{"id":"item_football","netID":62,"name":"Football","description":"For throwing, catching, and sometimes bonking someone on the head.","category":"Toys","categoryV2":"Toys","subcategoryV2":"Misc","price":99,"value":11,"isNew":false,"isVariant":false,"unlockPrice":1,"unlockable":2,"unlockDeps":[],"legacyResearchNode":"node_football"},{"id":"item_friend_launcher","netID":191,"name":"Friend Launcher","description":"Convince your friend to grab on. Then charge it up and launch them.","category":"Gadgets","categoryV2":"Bags & Gadgets","subcategoryV2":"Movement","price":699,"value":36,"isNew":false,"isVariant":false,"unlockPrice":3,"unlockable":2,"unlockDeps":[],"legacyResearchNode":"node_friend_launcher"},{"id":"item_frying_pan","netID":64,"name":"Frying Pan","description":"A weapon that's good for cooking eggs and cracking skulls.","category":"Weapons","categoryV2":"Weapons","subcategoryV2":"Melee","price":399,"value":23,"isNew":false,"isVariant":false,"unlockPrice":1,"unlockable":2,"unlockDeps":[],"legacyResearchNode":"node_frying_pan"},{"id":"item_fuel_rod","netID":258,"name":"-","description":"-","category":"Loot","categoryV2":"Loot","subcategoryV2":"","price":9999,"value":850,"isNew":false,"isVariant":false,"unlockPrice":0,"unlockable":0,"unlockDeps":[]},{"id":"item_gameboy","netID":184,"name":"Game Box","description":"Can play the latest games.","category":"Loot","categoryV2":"Loot","subcategoryV2":"","price":9999,"value":999,"isNew":false,"isVariant":false,"unlockPrice":0,"unlockable":0,"unlockDeps":[]},{"id":"item_glowstick","netID":79,"name":"Glowstick","description":"Produces a bright yellow light and is unaffected by gravity. Makes your hand feel fuzzy when held.","category":"Gadgets","categoryV2":"Bags & Gadgets","subcategoryV2":"Lights","price":99,"value":15,"isNew":false,"isVariant":false,"unlockPrice":1,"unlockable":2,"unlockDeps":[],"legacyResearchNode":"node_glowsticks"},{"id":"item_goldbar","netID":28,"name":"Gold Bar","description":"Valuable metal. Turn this in for Nuts.","category":"Hidden","categoryV2":"Hidden","subcategoryV2":"","price":2147483647,"value":155,"isNew":false,"isVariant":false,"unlockPrice":0,"unlockable":0,"unlockDeps":[]},{"id":"item_goldcoin","netID":185,"name":"Golden Coin","description":"A relic of a bygone era.","category":"Loot","categoryV2":"Loot","subcategoryV2":"","price":9999,"value":503,"isNew":false,"isVariant":false,"unlockPrice":0,"unlockable":0,"unlockDeps":[]},{"id":"item_goop","netID":194,"name":"Goop","description":"Do not swallow. It takes 7 years to digest","category":"Hidden","categoryV2":"Hidden","subcategoryV2":"","price":999,"value":12,"isNew":false,"isVariant":false,"unlockPrice":0,"unlockable":0,"unlockDeps":[]},{"id":"item_goopfish","netID":195,"name":"Goopfish","description":"","category":"Loot","categoryV2":"Loot","subcategoryV2":"","price":9999,"value":51,"isNew":false,"isVariant":false,"unlockPrice":0,"unlockable":0,"unlockDeps":[]},{"id":"item_great_sword","netID":235,"name":"Great Sword","description":"Each strike fuels its crimson fury.","category":"Weapons","categoryV2":"Weapons","subcategoryV2":"Melee","price":799,"value":15,"isNew":false,"isVariant":false,"unlockPrice":3,"unlockable":2,"unlockDeps":[],"legacyResearchNode":"node_great_sword"},{"id":"item_grenade","netID":16,"name":"Impact Grenade","description":"A grenade that explodes on contact with any surface","category":"Explosives","categoryV2":"Weapons","subcategoryV2":"Explosives","price":249,"value":19,"isNew":false,"isVariant":false,"unlockPrice":1,"unlockable":2,"unlockDeps":[],"legacyResearchNode":"node_impact_grenade"},{"id":"item_grenade_gold","netID":177,"name":"Golden Grenade","description":"A grenade that is gold!","category":"Explosives","categoryV2":"Weapons","subcategoryV2":"Explosives","price":449,"value":33,"isNew":false,"isVariant":true,"unlockPrice":5,"unlockable":3,"unlockDeps":[],"legacyResearchNode":"node_grenade_gold"},{"id":"item_grenade_launcher","netID":192,"name":"Grenade Launcher","description":"Loads up to 3 grenades of different types.","category":"Weapons","categoryV2":"Weapons","subcategoryV2":"Projectile","price":8999,"value":301,"isNew":false,"isVariant":false,"unlockPrice":4,"unlockable":2,"unlockDeps":[],"legacyResearchNode":"node_grenade_launcher"},{"id":"item_guided_boomerang","netID":200,"name":"Guided Boomerang","description":"Up to 3 targets!","category":"Weapons","categoryV2":"Weapons","subcategoryV2":"Projectile","price":899,"value":0,"isNew":false,"isVariant":false,"unlockPrice":3,"unlockable":2,"unlockDeps":[],"legacyResearchNode":"node_guided_boomerang\t"},{"id":"item_harddrive","netID":186,"name":"Encrypted Data","description":"Highly sensitive data. Worth a lot to the right buyer.","category":"Loot","categoryV2":"Loot","subcategoryV2":"","price":9999,"value":780,"isNew":false,"isVariant":false,"unlockPrice":0,"unlockable":0,"unlockDeps":[]},{"id":"item_hatchet","netID":236,"name":"Hatchet","description":"A simple tool, effective at chopping wood and bones.","category":"Weapons","categoryV2":"Weapons","subcategoryV2":"Melee","price":449,"value":25,"isNew":false,"isVariant":false,"unlockPrice":1,"unlockable":2,"unlockDeps":[],"legacyResearchNode":"node_hatchet"},{"id":"item_hawaiian_drum","netID":159,"name":"Hawaiian Drums","description":"Form a drum circle and improve your wellbeing with some rhythm. Heals nearby players when played.","category":"Toys","categoryV2":"Toys","subcategoryV2":"Instruments","price":999,"value":42,"isNew":false,"isVariant":false,"unlockPrice":2,"unlockable":2,"unlockDeps":[],"legacyResearchNode":"node_hawaiian_drum"},{"id":"item_heart_chunk","netID":48,"name":"Heart Chunk","description":"Turn this in for Nuts.","category":"Loot","categoryV2":"Loot","subcategoryV2":"","price":2147483647,"value":135,"isNew":false,"isVariant":false,"unlockPrice":0,"unlockable":0,"unlockDeps":[]},{"id":"item_heart_gun","netID":54,"name":"Heart Gun","description":"Experimental Technology. Can suck entities in or repel them.","category":"Weapons","categoryV2":"Weapons","subcategoryV2":"Projectile","price":1999,"value":34,"isNew":false,"isVariant":false,"unlockPrice":5,"unlockable":2,"unlockDeps":[],"legacyResearchNode":"node_heart_gun"},{"id":"item_heartchocolatebox","netID":114,"name":"Heart Chocolate Box","description":"Happy Valentine's Day! Gift this to someone sweet or eat it yourself!","category":"Loot","categoryV2":"Loot","subcategoryV2":"","price":200,"value":14,"isNew":false,"isVariant":false,"unlockPrice":0,"unlockable":0,"unlockDeps":[]},{"id":"item_hh_key","netID":29,"name":"Haunted House Key","description":"Unlocks a spooky door. Can be turned in for nuts.","category":"Hidden","categoryV2":"Hidden","subcategoryV2":"","price":2147483647,"value":200,"isNew":false,"isVariant":false,"unlockPrice":0,"unlockable":0,"unlockDeps":[]},{"id":"item_hookshot","netID":82,"name":"Hookshot","description":"A fancy, over-engineered grappling hook device.","category":"Gadgets","categoryV2":"Bags & Gadgets","subcategoryV2":"Movement","price":1999,"value":29,"isNew":false,"isVariant":false,"unlockPrice":5,"unlockable":2,"unlockDeps":[],"legacyResearchNode":"node_hookshot"},{"id":"item_hookshot_sword","netID":160,"name":"Yeetblade","description":"Fifty percent hook, fifty percent blade, hundred percent awesome.","category":"Gadgets","categoryV2":"Bags & Gadgets","subcategoryV2":"Movement","price":2999,"value":198,"isNew":false,"isVariant":false,"unlockPrice":5,"unlockable":2,"unlockDeps":[],"legacyResearchNode":"node_hookshot_sword"},{"id":"item_hoverpad","netID":30,"name":"Hoverpad","description":"Activate to propel against the ground.","category":"Gadgets","categoryV2":"Bags & Gadgets","subcategoryV2":"Movement","price":4000,"value":230,"isNew":false,"isVariant":false,"unlockPrice":5,"unlockable":2,"unlockDeps":[],"legacyResearchNode":"node_hoverpad"},{"id":"item_impulse_grenade","netID":89,"name":"Impulse Grenade","description":"Throw it and watch everyone around you get yeeted.","category":"Explosives","categoryV2":"Weapons","subcategoryV2":"Explosives","price":299,"value":22,"isNew":false,"isVariant":false,"unlockPrice":3,"unlockable":2,"unlockDeps":[],"legacyResearchNode":"node_impulse_grenade"},{"id":"item_jetpack","netID":17,"name":"Jetpack","description":"Activate and hold on to fly into the sky.","category":"Gadgets","categoryV2":"Bags & Gadgets","subcategoryV2":"Movement","price":121,"value":11,"isNew":false,"isVariant":false,"unlockPrice":1,"unlockable":2,"unlockDeps":[],"legacyResearchNode":"node_jetpack"},{"id":"item_keycard","netID":125,"name":"Keycard","description":"An employee keycard. It can be used to activate Canopy equipment.\n\n","category":"Loot","categoryV2":"Loot","subcategoryV2":"","price":999,"value":99,"isNew":false,"isVariant":false,"unlockPrice":0,"unlockable":0,"unlockDeps":[]},{"id":"item_lance","netID":74,"name":"Lance","description":"A huge lance letting you attack from a distance.","category":"Weapons","categoryV2":"Weapons","subcategoryV2":"Melee","price":499,"value":24,"isNew":false,"isVariant":false,"unlockPrice":1,"unlockable":2,"unlockDeps":[],"legacyResearchNode":"node_lance"},{"id":"item_landmine","netID":156,"name":"Landmine","description":"Buried surprises are the best kind. For you, not for them.","category":"Hidden","categoryV2":"Hidden","subcategoryV2":"","price":219,"value":19,"isNew":false,"isVariant":false,"unlockPrice":0,"unlockable":0,"unlockDeps":[]},{"id":"item_large_banana","netID":24,"name":"Large Banana","description":"Probably grown from a larger tree. Turn this in for Nuts.","category":"Hidden","categoryV2":"Hidden","subcategoryV2":"","price":2147483647,"value":44,"isNew":false,"isVariant":false,"unlockPrice":0,"unlockable":0,"unlockDeps":[]},{"id":"item_megaphone","netID":212,"name":"Megaphone","description":"Use when you need some volume.","category":"Loot","categoryV2":"Loot","subcategoryV2":"","price":9999,"value":83,"isNew":false,"isVariant":false,"unlockPrice":0,"unlockable":0,"unlockDeps":[]},{"id":"item_moneygun","netID":256,"name":"Money Gun","description":"Make it rain","category":"Toys","categoryV2":"Toys","subcategoryV2":"Misc","price":1999,"value":30,"isNew":true,"isVariant":false,"unlockPrice":5,"unlockable":2,"unlockDeps":[],"legacyResearchNode":"node_moneygun"},{"id":"item_mug","netID":130,"name":"Mug","description":"A simple mug.","category":"Loot","categoryV2":"Loot","subcategoryV2":"","price":999,"value":24,"isNew":false,"isVariant":false,"unlockPrice":0,"unlockable":0,"unlockDeps":[]},{"id":"item_needle","netID":259,"name":"Large Needle","description":"Very pointy. Good for stabbing bugs.","category":"Weapons","categoryV2":"Weapons","subcategoryV2":"Melee","price":599,"value":13,"isNew":true,"isVariant":false,"unlockPrice":3,"unlockable":2,"unlockDeps":[],"legacyResearchNode":"node_needle"},{"id":"item_nut","netID":31,"name":"Nut","description":"Currency...the economy is nuts.","category":"Loot","categoryV2":"Loot","subcategoryV2":"","price":2147483647,"value":89,"isNew":false,"isVariant":false,"unlockPrice":0,"unlockable":0,"unlockDeps":[]},{"id":"item_nut_drop","netID":148,"name":"Nut Drop","description":"Currency...the economy is nuts.","category":"Loot","categoryV2":"Loot","subcategoryV2":"","price":9999,"value":1,"isNew":false,"isVariant":false,"unlockPrice":0,"unlockable":0,"unlockDeps":[]},{"id":"item_ogre_hands","netID":66,"name":"Ogre Hands","description":"Green and mean, perfect for SMASHING enemies.","category":"Weapons","categoryV2":"Weapons","subcategoryV2":"Melee","price":349,"value":21,"isNew":false,"isVariant":false,"unlockPrice":3,"unlockable":2,"unlockDeps":[],"legacyResearchNode":"node_ogre_hands"},{"id":"item_ore_copper_l","netID":95,"name":"Large Copper Chunk","description":"A conductive metal. Turn this in for Nuts.","category":"Loot","categoryV2":"Loot","subcategoryV2":"","price":2147483647,"value":45,"isNew":false,"isVariant":false,"unlockPrice":0,"unlockable":0,"unlockDeps":[]},{"id":"item_ore_copper_m","netID":94,"name":"Copper Chunk","description":"A conductive metal. Turn this in for Nuts.","category":"Loot","categoryV2":"Loot","subcategoryV2":"","price":2147483647,"value":32,"isNew":false,"isVariant":false,"unlockPrice":0,"unlockable":0,"unlockDeps":[]},{"id":"item_ore_copper_s","netID":93,"name":"Small Copper Chunk","description":"A conductive metal. Turn this in for Nuts.","category":"Loot","categoryV2":"Loot","subcategoryV2":"","price":2147483647,"value":23,"isNew":false,"isVariant":false,"unlockPrice":0,"unlockable":0,"unlockDeps":[]},{"id":"item_ore_gold_l","netID":101,"name":"Large Gold Chunk","description":"Valuable metal. Turn this in for Nuts.","category":"Loot","categoryV2":"Loot","subcategoryV2":"","price":2147483647,"value":165,"isNew":false,"isVariant":false,"unlockPrice":0,"unlockable":0,"unlockDeps":[]},{"id":"item_ore_gold_m","netID":100,"name":"Gold Chunk","description":"Valuable metal. Turn this in for Nuts.","category":"Loot","categoryV2":"Loot","subcategoryV2":"","price":2147483647,"value":89,"isNew":false,"isVariant":false,"unlockPrice":0,"unlockable":0,"unlockDeps":[]},{"id":"item_ore_gold_s","netID":99,"name":"Small Gold Chunk","description":"Valuable metal. Turn this in for Nuts.","category":"Loot","categoryV2":"Loot","subcategoryV2":"","price":2147483647,"value":45,"isNew":false,"isVariant":false,"unlockPrice":0,"unlockable":0,"unlockDeps":[]},{"id":"item_ore_hell","netID":113,"name":"Cinder","description":"It's warm to the touch.","category":"Loot","categoryV2":"Loot","subcategoryV2":"","price":2147483647,"value":500,"isNew":false,"isVariant":false,"unlockPrice":0,"unlockable":0,"unlockDeps":[]},{"id":"item_ore_silver_l","netID":98,"name":"Large Silver Chunk","description":"Shiny. Turn this in for Nuts.","category":"Loot","categoryV2":"Loot","subcategoryV2":"","price":2147483647,"value":75,"isNew":false,"isVariant":false,"unlockPrice":0,"unlockable":0,"unlockDeps":[]},{"id":"item_ore_silver_m","netID":97,"name":"Small Silver Chunk","description":"Shiny. Turn this in for Nuts.","category":"Loot","categoryV2":"Loot","subcategoryV2":"","price":2147483647,"value":55,"isNew":false,"isVariant":false,"unlockPrice":0,"unlockable":0,"unlockDeps":[]},{"id":"item_ore_silver_s","netID":96,"name":"Silver Chunk","description":"Shiny. Turn this in for Nuts.","category":"Loot","categoryV2":"Loot","subcategoryV2":"","price":2147483647,"value":25,"isNew":false,"isVariant":false,"unlockPrice":0,"unlockable":0,"unlockDeps":[]},{"id":"item_painting_canvas","netID":52,"name":"Painting Canvas","description":"A priceless worth of art...turn it in for some Nuts.","category":"Loot","categoryV2":"Loot","subcategoryV2":"","price":2147483647,"value":66,"isNew":false,"isVariant":false,"unlockPrice":0,"unlockable":0,"unlockDeps":[]},{"id":"item_paperpack","netID":131,"name":"Paper","description":"The finest paper straight from Pennsylvania","category":"Loot","categoryV2":"Loot","subcategoryV2":"","price":999,"value":112,"isNew":false,"isVariant":false,"unlockPrice":0,"unlockable":0,"unlockDeps":[]},{"id":"item_pelican_case","netID":32,"name":"Black Crate","description":"Turn this in for Nuts.","category":"Loot","categoryV2":"Loot","subcategoryV2":"","price":2147483647,"value":1800,"isNew":false,"isVariant":false,"unlockPrice":0,"unlockable":0,"unlockDeps":[]},{"id":"item_pickaxe","netID":65,"name":"Pickaxe","description":"The only weapon that's equally good at both mining and maiming.","category":"Weapons","categoryV2":"Weapons","subcategoryV2":"Melee","price":499,"value":27,"isNew":false,"isVariant":false,"unlockPrice":1,"unlockable":2,"unlockDeps":[],"legacyResearchNode":"node_pickaxe"},{"id":"item_pickaxe_cny","netID":108,"name":"Gilded Pickaxe","description":"The only weapon that's equally good at both mining and maiming, but this one is gold plated. Gold is always better, no?","category":"Weapons","categoryV2":"Weapons","subcategoryV2":"Melee","price":499,"value":27,"isNew":false,"isVariant":true,"unlockPrice":3,"unlockable":2,"unlockDeps":["item_pickaxe"],"legacyResearchNode":"node_pickaxe_cny"},{"id":"item_pickaxe_cube","netID":142,"name":"Cube Pickaxe","description":"The only weapon that's equally good at both mining and maiming.","category":"Weapons","categoryV2":"Weapons","subcategoryV2":"Melee","price":499,"value":27,"isNew":false,"isVariant":true,"unlockPrice":3,"unlockable":2,"unlockDeps":["item_pickaxe"],"legacyResearchNode":"node_pickaxe_cube"},{"id":"item_pickaxe_realistic","netID":237,"name":"R3@L P!ck@x=","description":"Every fiber of your being screams that it can't exist here. And yet, here it is.","category":"Weapons","categoryV2":"Weapons","subcategoryV2":"Melee","price":1010,"value":11,"isNew":false,"isVariant":false,"unlockPrice":0,"unlockable":0,"unlockDeps":[]},{"id":"item_pinata_bat","netID":151,"name":"Pinata Bat","description":"A festive bat, perfect for smashing monsters like candy-filled pi\u00f1atas.","category":"Weapons","categoryV2":"Weapons","subcategoryV2":"Melee","price":349,"value":19,"isNew":false,"isVariant":true,"unlockPrice":3,"unlockable":2,"unlockDeps":["item_baseball_bat"],"legacyResearchNode":"node_pinata_bat"},{"id":"item_pineapple","netID":257,"name":"Pineapple","description":"Taste the Adventure","category":"Consumables","categoryV2":"Consumables","subcategoryV2":"Food","price":300,"value":8,"isNew":false,"isVariant":false,"unlockPrice":0,"unlockable":0,"unlockDeps":[]},{"id":"item_pipe","netID":33,"name":"Pipe","description":"A versatile tool for smashing things and a plumber's best friend.","category":"Loot","categoryV2":"Loot","subcategoryV2":"","price":2147483647,"value":105,"isNew":false,"isVariant":false,"unlockPrice":0,"unlockable":0,"unlockDeps":[]},{"id":"item_plunger","netID":34,"name":"Plunger","description":"Push against a wall to activate suction. Can be used to climb almost any surface.","category":"Gadgets","categoryV2":"Bags & Gadgets","subcategoryV2":"Movement","price":350,"value":75,"isNew":false,"isVariant":false,"unlockPrice":1,"unlockable":2,"unlockDeps":[],"legacyResearchNode":"node_plunger"},{"id":"item_pogostick","netID":35,"name":"Pogostick","description":"Boing boing boing.","category":"Toys","categoryV2":"Toys","subcategoryV2":"Misc","price":1500,"value":44,"isNew":false,"isVariant":false,"unlockPrice":3,"unlockable":2,"unlockDeps":[],"legacyResearchNode":"node_pogostick"},{"id":"item_police_baton","netID":124,"name":"Police Baton (Crowbar)","description":"A crowbar variant. A versatile tool for smashing things and catching bad animals.","category":"Weapons","categoryV2":"Weapons","subcategoryV2":"Melee","price":399,"value":23,"isNew":false,"isVariant":true,"unlockPrice":3,"unlockable":2,"unlockDeps":["item_crowbar"],"legacyResearchNode":"node_police_baton"},{"id":"item_portable_teleporter","netID":175,"name":"Portable Teleporter","description":"Activate it to teleport back to the lobby","category":"Gadgets","categoryV2":"Bags & Gadgets","subcategoryV2":"Movement","price":2999,"value":195,"isNew":false,"isVariant":false,"unlockPrice":3,"unlockable":2,"unlockDeps":[],"legacyResearchNode":"node_portable_teleporter"},{"id":"item_prop_scanner","netID":252,"name":"Prop Scanner","description":"Scan something, become something.","category":"Loot","categoryV2":"Loot","subcategoryV2":"","price":9999,"value":84,"isNew":false,"isVariant":false,"unlockPrice":0,"unlockable":0,"unlockDeps":[]},{"id":"item_pumpkin_bomb","netID":239,"name":"Pumpkin Bomb","description":"This mischievous pumpkin loves to run. Then explode.","category":"Explosives","categoryV2":"Weapons","subcategoryV2":"Explosives","price":499,"value":29,"isNew":false,"isVariant":false,"unlockPrice":5,"unlockable":3,"unlockDeps":[],"legacyResearchNode":"node_pumpkin_bomb"},{"id":"item_pumpkin_pie","netID":73,"name":"Pumpkin Pie","description":"A not-so-fresh pie that expired last Thanksgiving.","category":"Loot","categoryV2":"Loot","subcategoryV2":"","price":200,"value":5,"isNew":false,"isVariant":false,"unlockPrice":0,"unlockable":0,"unlockDeps":[]},{"id":"item_pumpkinjack","netID":56,"name":"Pumpkin Jack","description":"The perfect combo of Halloween spirit and spooky energy.","category":"Hidden","categoryV2":"Hidden","subcategoryV2":"","price":2000,"value":37,"isNew":false,"isVariant":false,"unlockPrice":0,"unlockable":0,"unlockDeps":[]},{"id":"item_pumpkinjack_small","netID":57,"name":"Small Pumpkin Jack","description":"Halloween spirit and spooky energy, now fun-sized.","category":"Hidden","categoryV2":"Hidden","subcategoryV2":"","price":700,"value":14,"isNew":false,"isVariant":false,"unlockPrice":0,"unlockable":0,"unlockDeps":[]},{"id":"item_quest_gy_skull","netID":208,"name":"Skull","description":"Cranium.","category":"Loot","categoryV2":"Loot","subcategoryV2":"","price":9999,"value":55,"isNew":false,"isVariant":false,"unlockPrice":0,"unlockable":0,"unlockDeps":[]},{"id":"item_quest_gy_skull_special","netID":209,"name":"Jeweled Skull","description":"Used to summon a terrible monster.","category":"Loot","categoryV2":"Loot","subcategoryV2":"","price":9999,"value":599,"isNew":false,"isVariant":false,"unlockPrice":0,"unlockable":0,"unlockDeps":[]},{"id":"item_quest_hlal_brain","netID":242,"name":"Brain","description":"Leaking genius, or possibly goo...","category":"Hidden","categoryV2":"Hidden","subcategoryV2":"","price":9999,"value":0,"isNew":false,"isVariant":false,"unlockPrice":0,"unlockable":0,"unlockDeps":[]},{"id":"item_quest_hlal_eyeball","netID":243,"name":"Eyeball","description":"Doesn\u2019t blink...","category":"Hidden","categoryV2":"Hidden","subcategoryV2":"","price":9999,"value":0,"isNew":false,"isVariant":false,"unlockPrice":0,"unlockable":0,"unlockDeps":[]},{"id":"item_quest_hlal_flesh","netID":241,"name":"Flesh","description":"Still warm. Probably fine...","category":"Hidden","categoryV2":"Hidden","subcategoryV2":"","price":9999,"value":0,"isNew":false,"isVariant":false,"unlockPrice":0,"unlockable":0,"unlockDeps":[]},{"id":"item_quest_hlal_heart","netID":240,"name":"Heart","description":"Not the emoji kind...","category":"Hidden","categoryV2":"Hidden","subcategoryV2":"","price":9999,"value":0,"isNew":false,"isVariant":false,"unlockPrice":0,"unlockable":0,"unlockDeps":[]},{"id":"item_quest_key_graveyard","netID":207,"name":"Graveyard Key","description":"Unlocks something in the graveyard.","category":"Loot","categoryV2":"Loot","subcategoryV2":"","price":9999,"value":24,"isNew":false,"isVariant":false,"unlockPrice":0,"unlockable":0,"unlockDeps":[]},{"id":"item_quest_vhs","netID":199,"name":"VHS","description":"What is this ancient technology?","category":"Hidden","categoryV2":"Hidden","subcategoryV2":"","price":0,"value":0,"isNew":false,"isVariant":false,"unlockPrice":0,"unlockable":0,"unlockDeps":[]},{"id":"item_quest_vhs_backlots","netID":213,"name":"VHS Backlots","description":"What is this ancient technology?","category":"Hidden","categoryV2":"Hidden","subcategoryV2":"","price":9999,"value":0,"isNew":false,"isVariant":false,"unlockPrice":0,"unlockable":0,"unlockDeps":[]},{"id":"item_quest_vhs_basement","netID":214,"name":"VHS Basement","description":"What is this ancient technology?","category":"Hidden","categoryV2":"Hidden","subcategoryV2":"","price":9999,"value":0,"isNew":false,"isVariant":false,"unlockPrice":0,"unlockable":0,"unlockDeps":[]},{"id":"item_quest_vhs_cave","netID":215,"name":"VHS Cave","description":"What is this ancient technology?","category":"Hidden","categoryV2":"Hidden","subcategoryV2":"","price":9999,"value":0,"isNew":false,"isVariant":false,"unlockPrice":0,"unlockable":0,"unlockDeps":[]},{"id":"item_quest_vhs_circus_day","netID":249,"name":"VHS Daycare","description":"What is this ancient technology?","category":"Hidden","categoryV2":"Hidden","subcategoryV2":"","price":9999,"value":0,"isNew":false,"isVariant":false,"unlockPrice":0,"unlockable":0,"unlockDeps":[]},{"id":"item_quest_vhs_circus_ext","netID":247,"name":"VHS Circus","description":"What is this ancient technology?","category":"Hidden","categoryV2":"Hidden","subcategoryV2":"","price":9999,"value":0,"isNew":false,"isVariant":false,"unlockPrice":0,"unlockable":0,"unlockDeps":[]},{"id":"item_quest_vhs_circus_fac","netID":248,"name":"VHS School","description":"What is this ancient technology?","category":"Hidden","categoryV2":"Hidden","subcategoryV2":"","price":9999,"value":0,"isNew":false,"isVariant":false,"unlockPrice":0,"unlockable":0,"unlockDeps":[]},{"id":"item_quest_vhs_dam_facility","netID":216,"name":"VHS Dam Facility","description":"What is this ancient technology?","category":"Hidden","categoryV2":"Hidden","subcategoryV2":"","price":9999,"value":0,"isNew":false,"isVariant":false,"unlockPrice":0,"unlockable":0,"unlockDeps":[]},{"id":"item_quest_vhs_dam_servers","netID":217,"name":"VHS Dam Servers","description":"What is this ancient technology?","category":"Hidden","categoryV2":"Hidden","subcategoryV2":"","price":9999,"value":0,"isNew":false,"isVariant":false,"unlockPrice":0,"unlockable":0,"unlockDeps":[]},{"id":"item_quest_vhs_dark_forest","netID":218,"name":"VHS Dark Forest","description":"What is this ancient technology?","category":"Hidden","categoryV2":"Hidden","subcategoryV2":"","price":9999,"value":0,"isNew":false,"isVariant":false,"unlockPrice":0,"unlockable":0,"unlockDeps":[]},{"id":"item_quest_vhs_forest","netID":219,"name":"VHS Forest","description":"What is this ancient technology?","category":"Hidden","categoryV2":"Hidden","subcategoryV2":"","price":9999,"value":0,"isNew":false,"isVariant":false,"unlockPrice":0,"unlockable":0,"unlockDeps":[]},{"id":"item_quest_vhs_foundation","netID":220,"name":"VHS Foundation","description":"What is this ancient technology?","category":"Hidden","categoryV2":"Hidden","subcategoryV2":"","price":9999,"value":0,"isNew":false,"isVariant":false,"unlockPrice":0,"unlockable":0,"unlockDeps":[]},{"id":"item_quest_vhs_graveyard","netID":221,"name":"VHS Graveyard","description":"What is this ancient technology?","category":"Hidden","categoryV2":"Hidden","subcategoryV2":"","price":9999,"value":0,"isNew":false,"isVariant":false,"unlockPrice":0,"unlockable":0,"unlockDeps":[]},{"id":"item_quest_vhs_haunted_house","netID":222,"name":"VHS Haunted House","description":"What is this ancient technology?","category":"Hidden","categoryV2":"Hidden","subcategoryV2":"","price":9999,"value":0,"isNew":false,"isVariant":false,"unlockPrice":0,"unlockable":0,"unlockDeps":[]},{"id":"item_quest_vhs_hell","netID":223,"name":"VHS Hell","description":"What is this ancient technology?","category":"Hidden","categoryV2":"Hidden","subcategoryV2":"","price":9999,"value":0,"isNew":false,"isVariant":false,"unlockPrice":0,"unlockable":0,"unlockDeps":[]},{"id":"item_quest_vhs_lab","netID":224,"name":"VHS Lab","description":"What is this ancient technology?","category":"Hidden","categoryV2":"Hidden","subcategoryV2":"","price":9999,"value":0,"isNew":false,"isVariant":false,"unlockPrice":0,"unlockable":0,"unlockDeps":[]},{"id":"item_quest_vhs_lake","netID":225,"name":"VHS Lake","description":"What is this ancient technology?","category":"Hidden","categoryV2":"Hidden","subcategoryV2":"","price":9999,"value":0,"isNew":false,"isVariant":false,"unlockPrice":0,"unlockable":0,"unlockDeps":[]},{"id":"item_quest_vhs_lobby","netID":226,"name":"VHS Lobby","description":"What is this ancient technology?","category":"Hidden","categoryV2":"Hidden","subcategoryV2":"","price":9999,"value":0,"isNew":false,"isVariant":false,"unlockPrice":0,"unlockable":0,"unlockDeps":[]},{"id":"item_quest_vhs_mines","netID":227,"name":"VHS Mines","description":"What is this ancient technology?","category":"Hidden","categoryV2":"Hidden","subcategoryV2":"","price":9999,"value":0,"isNew":false,"isVariant":false,"unlockPrice":0,"unlockable":0,"unlockDeps":[]},{"id":"item_quest_vhs_office","netID":228,"name":"VHS Office","description":"What is this ancient technology?","category":"Hidden","categoryV2":"Hidden","subcategoryV2":"","price":9999,"value":0,"isNew":false,"isVariant":false,"unlockPrice":0,"unlockable":0,"unlockDeps":[]},{"id":"item_quest_vhs_office_basement","netID":229,"name":"VHS Office Basement","description":"What is this ancient technology?","category":"Hidden","categoryV2":"Hidden","subcategoryV2":"","price":9999,"value":0,"isNew":false,"isVariant":false,"unlockPrice":0,"unlockable":0,"unlockDeps":[]},{"id":"item_quest_vhs_sewers","netID":230,"name":"VHS Sewers","description":"What is this ancient technology?","category":"Hidden","categoryV2":"Hidden","subcategoryV2":"","price":9999,"value":0,"isNew":false,"isVariant":false,"unlockPrice":0,"unlockable":0,"unlockDeps":[]},{"id":"item_quiver","netID":104,"name":"Quiver","description":"Carry many arrows. Can be equipped onto your hip or back.","category":"Bags","categoryV2":"Bags & Gadgets","subcategoryV2":"Bags","price":699,"value":28,"isNew":false,"isVariant":false,"unlockPrice":3,"unlockable":2,"unlockDeps":[],"legacyResearchNode":"node_quiver"},{"id":"item_quiver_heart","netID":118,"name":"Heart Quiver","description":"Love makes the heart quiver, now your arrows can too!","category":"Bags","categoryV2":"Bags & Gadgets","subcategoryV2":"Bags","price":699,"value":28,"isNew":false,"isVariant":true,"unlockPrice":3,"unlockable":2,"unlockDeps":["item_quiver"],"legacyResearchNode":"node_quiver_heart"},{"id":"item_radioactive_broccoli","netID":119,"name":"Mega Broccoli","description":"A dangerous-looking vegetable. Probably shouldn't eat it, but...","category":"Consumables","categoryV2":"Consumables","subcategoryV2":"Sus","price":399,"value":10,"isNew":false,"isVariant":false,"unlockPrice":5,"unlockable":2,"unlockDeps":[],"legacyResearchNode":"node_mega_broccoli"},{"id":"item_randombox_mobloot_big","netID":58,"name":"Big Mob Loot Box","description":"Open it for a huge surprise!","category":"Hidden","categoryV2":"Hidden","subcategoryV2":"","price":2000,"value":32,"isNew":false,"isVariant":false,"unlockPrice":0,"unlockable":0,"unlockDeps":[]},{"id":"item_randombox_mobloot_medium","netID":59,"name":"Mob Loot Box","description":"Open it for a big surprise!","category":"Hidden","categoryV2":"Hidden","subcategoryV2":"","price":1200,"value":24,"isNew":false,"isVariant":false,"unlockPrice":0,"unlockable":0,"unlockDeps":[]},{"id":"item_randombox_mobloot_small","netID":60,"name":"Small Mob Loot Box","description":"Open it for a surprise!","category":"Hidden","categoryV2":"Hidden","subcategoryV2":"","price":800,"value":16,"isNew":false,"isVariant":false,"unlockPrice":0,"unlockable":0,"unlockDeps":[]},{"id":"item_randombox_mobloot_weapons","netID":92,"name":"Mob Weapons Loot Box","description":"A weapon box.","category":"Loot","categoryV2":"Loot","subcategoryV2":"","price":2147483647,"value":40,"isNew":false,"isVariant":false,"unlockPrice":0,"unlockable":0,"unlockDeps":[]},{"id":"item_randombox_mobloot_zombie","netID":164,"name":"Zombie Loot Box","description":"Open it for a big surprise!","category":"Loot","categoryV2":"Loot","subcategoryV2":"","price":9999,"value":9,"isNew":false,"isVariant":false,"unlockPrice":0,"unlockable":0,"unlockDeps":[]},{"id":"item_rare_card","netID":187,"name":"Rare Trading Card","description":"An extremely valuable trading card.","category":"Loot","categoryV2":"Loot","subcategoryV2":"","price":9999,"value":1960,"isNew":false,"isVariant":false,"unlockPrice":0,"unlockable":0,"unlockDeps":[]},{"id":"item_revolver","netID":68,"name":"Revolver","description":"6 shots, make them count.","category":"Weapons","categoryV2":"Weapons","subcategoryV2":"Projectile","price":4999,"value":267,"isNew":false,"isVariant":false,"unlockPrice":3,"unlockable":2,"unlockDeps":[],"legacyResearchNode":"node_revolver"},{"id":"item_revolver_ammo","netID":86,"name":"Revolver Ammo","description":"Use to reload a revolver","category":"Ammo","categoryV2":"Weapons","subcategoryV2":"Ammo","price":999,"value":36,"isNew":false,"isVariant":false,"unlockPrice":1,"unlockable":2,"unlockDeps":[],"legacyResearchNode":"node_revolver_ammo"},{"id":"item_revolver_gold","netID":146,"name":"Gold Revolver","description":"6 shots, make them count.","category":"Weapons","categoryV2":"Weapons","subcategoryV2":"Projectile","price":4999,"value":284,"isNew":false,"isVariant":true,"unlockPrice":5,"unlockable":3,"unlockDeps":[],"legacyResearchNode":"node_gold_revolver"},{"id":"item_ring_buoy","netID":197,"name":"Ring Buoy","description":"Bobber.","category":"Hidden","categoryV2":"Hidden","subcategoryV2":"","price":9999,"value":19,"isNew":false,"isVariant":false,"unlockPrice":0,"unlockable":0,"unlockDeps":[]},{"id":"item_robo_monke","netID":190,"name":"RoboMonke2000","description":"A little monkey robot toy","category":"Gadgets","categoryV2":"Bags & Gadgets","subcategoryV2":"Tech","price":1999,"value":134,"isNew":false,"isVariant":false,"unlockPrice":5,"unlockable":2,"unlockDeps":[],"legacyResearchNode":"node_robo_monke"},{"id":"item_rope","netID":112,"name":"Rope","description":"Use it as ammo for the zipline gun.","category":"Ammo","categoryV2":"Weapons","subcategoryV2":"Ammo","price":499,"value":12,"isNew":false,"isVariant":false,"unlockPrice":1,"unlockable":2,"unlockDeps":[],"legacyResearchNode":"node_zipline_rope"},{"id":"item_rpg","netID":84,"name":"RPG","description":"A single use tool of ultimate destruction.","category":"Weapons","categoryV2":"Weapons","subcategoryV2":"Projectile","price":9999,"value":339,"isNew":false,"isVariant":false,"unlockPrice":8,"unlockable":2,"unlockDeps":[],"legacyResearchNode":"node_rpg"},{"id":"item_rpg_ammo","netID":85,"name":"RPG Rocket","description":"Use to reload an RPG after firing","category":"Ammo","categoryV2":"Weapons","subcategoryV2":"Ammo","price":999,"value":39,"isNew":false,"isVariant":false,"unlockPrice":3,"unlockable":2,"unlockDeps":[],"legacyResearchNode":"node_rpg_ammo"},{"id":"item_rpg_ammo_egg","netID":150,"name":"Egg RPG Ammo","description":"An explosive egg with more explosions inside. Used to reload an RPG","category":"Ammo","categoryV2":"Weapons","subcategoryV2":"Ammo","price":999,"value":39,"isNew":false,"isVariant":true,"unlockPrice":1,"unlockable":2,"unlockDeps":["item_rpg_ammo"],"legacyResearchNode":"node_rpg_ammo_egg"},{"id":"item_rpg_ammo_spear","netID":162,"name":"Boomspear Ammo","description":"Reload and explode! Ammo for the Boomspear!","category":"Ammo","categoryV2":"Weapons","subcategoryV2":"Ammo","price":999,"value":38,"isNew":false,"isVariant":true,"unlockPrice":1,"unlockable":2,"unlockDeps":["item_rpg_ammo"],"legacyResearchNode":"node_rpg_ammo_spear"},{"id":"item_rpg_cny","netID":110,"name":"Rocket Dragon RPG","description":"For ultimate destruction with style","category":"Weapons","categoryV2":"Weapons","subcategoryV2":"Projectile","price":9999,"value":339,"isNew":false,"isVariant":true,"unlockPrice":3,"unlockable":2,"unlockDeps":["item_rpg"],"legacyResearchNode":"node_rpg_cny"},{"id":"item_rpg_easter","netID":149,"name":"Egg Launcher RPG","description":"For ultimate destruction with style","category":"Weapons","categoryV2":"Weapons","subcategoryV2":"Projectile","price":9999,"value":339,"isNew":false,"isVariant":true,"unlockPrice":3,"unlockable":2,"unlockDeps":["item_rpg"],"legacyResearchNode":"node_rpg_easter"},{"id":"item_rpg_spear","netID":161,"name":"Boomspear","description":"Explode responsibly.","category":"Weapons","categoryV2":"Weapons","subcategoryV2":"Projectile","price":9999,"value":338,"isNew":false,"isVariant":true,"unlockPrice":3,"unlockable":2,"unlockDeps":["item_rpg"],"legacyResearchNode":"node_rpg_spear"},{"id":"item_rubberducky","netID":36,"name":"Rubber Ducky","description":"He makes bath time so much fun!","category":"Loot","categoryV2":"Loot","subcategoryV2":"","price":150,"value":32,"isNew":false,"isVariant":false,"unlockPrice":0,"unlockable":0,"unlockDeps":[]},{"id":"item_ruby","netID":37,"name":"Ruby","description":"It's not Nuts, but you can turn it in for some.","category":"Loot","categoryV2":"Loot","subcategoryV2":"","price":2147483647,"value":150,"isNew":false,"isVariant":false,"unlockPrice":0,"unlockable":0,"unlockDeps":[]},{"id":"item_saddle","netID":61,"name":"Saddle","description":"Mount your friends, joust monsters, or give that one guy who can't use his arms a lift.","category":"Gadgets","categoryV2":"Bags & Gadgets","subcategoryV2":"Movement","price":199,"value":6,"isNew":false,"isVariant":false,"unlockPrice":3,"unlockable":2,"unlockDeps":[],"legacyResearchNode":"node_saddle"},{"id":"item_scanner","netID":18,"name":"Scanner","description":"Your personal monster radar...because sometimes, it\u2019s better to know when you\u2019re about to be eaten.","category":"Hidden","categoryV2":"Hidden","subcategoryV2":"","price":199,"value":15,"isNew":false,"isVariant":false,"unlockPrice":0,"unlockable":0,"unlockDeps":[]},{"id":"item_scissors","netID":132,"name":"Scissors","description":"Perfect for arts and crafts.","category":"Loot","categoryV2":"Loot","subcategoryV2":"","price":999,"value":21,"isNew":false,"isVariant":false,"unlockPrice":0,"unlockable":0,"unlockDeps":[]},{"id":"item_server_pad","netID":188,"name":"Broken Tablet","description":"A broken tablet.","category":"Loot","categoryV2":"Loot","subcategoryV2":"","price":9999,"value":305,"isNew":false,"isVariant":false,"unlockPrice":0,"unlockable":0,"unlockDeps":[]},{"id":"item_shield","netID":77,"name":"Shield","description":"It protecc.","category":"Weapons","categoryV2":"Weapons","subcategoryV2":"Melee","price":399,"value":28,"isNew":false,"isVariant":false,"unlockPrice":1,"unlockable":2,"unlockDeps":[],"legacyResearchNode":"node_shield"},{"id":"item_shield_bones","netID":109,"name":"Protective Bone Shield","description":"A shield made from your enemies bones.","category":"Weapons","categoryV2":"Weapons","subcategoryV2":"Melee","price":399,"value":28,"isNew":false,"isVariant":true,"unlockPrice":3,"unlockable":2,"unlockDeps":["item_shield"],"legacyResearchNode":"node_shield_bones"},{"id":"item_shield_police","netID":123,"name":"Police Shield","description":"A shield for protecting you and your squad","category":"Weapons","categoryV2":"Weapons","subcategoryV2":"Melee","price":399,"value":28,"isNew":false,"isVariant":true,"unlockPrice":3,"unlockable":2,"unlockDeps":["item_shield"],"legacyResearchNode":"node_shield_police"},{"id":"item_shield_viking_1","netID":168,"name":"Viking Shield","description":"Strong enough for a viking.","category":"Hidden","categoryV2":"Hidden","subcategoryV2":"","price":2147483647,"value":28,"isNew":false,"isVariant":false,"unlockPrice":0,"unlockable":0,"unlockDeps":[]},{"id":"item_shield_viking_2","netID":169,"name":"Berserker Shield","description":"Probably used more for smashing than protecting...","category":"Hidden","categoryV2":"Hidden","subcategoryV2":"","price":2147483647,"value":28,"isNew":false,"isVariant":false,"unlockPrice":0,"unlockable":0,"unlockDeps":[]},{"id":"item_shield_viking_3","netID":170,"name":"Thane Shield","description":"A shield fit for a Thane.","category":"Hidden","categoryV2":"Hidden","subcategoryV2":"","price":2147483647,"value":28,"isNew":false,"isVariant":false,"unlockPrice":0,"unlockable":0,"unlockDeps":[]},{"id":"item_shield_viking_4","netID":171,"name":"Varangian Shield","description":"If it's good enough for Varangians, it's good enough for you.","category":"Hidden","categoryV2":"Hidden","subcategoryV2":"","price":2147483647,"value":28,"isNew":false,"isVariant":false,"unlockPrice":0,"unlockable":0,"unlockDeps":[]},{"id":"item_shotgun","netID":19,"name":"Shotgun","description":"Shoot a spread of pellets dealing massive damage. ","category":"Weapons","categoryV2":"Weapons","subcategoryV2":"Projectile","price":12999,"value":382,"isNew":false,"isVariant":false,"unlockPrice":5,"unlockable":2,"unlockDeps":[],"legacyResearchNode":"node_shotgun"},{"id":"item_shotgun_ammo","netID":20,"name":"Shotgun Ammo","description":"Use to reload a shotgun","category":"Ammo","categoryV2":"Weapons","subcategoryV2":"Ammo","price":999,"value":33,"isNew":false,"isVariant":false,"unlockPrice":3,"unlockable":2,"unlockDeps":[],"legacyResearchNode":"node_shotgun_ammo"},{"id":"item_shovel","netID":231,"name":"Shovel","description":"It's a shovel.","category":"Loot","categoryV2":"Loot","subcategoryV2":"","price":9999,"value":13,"isNew":false,"isVariant":false,"unlockPrice":0,"unlockable":0,"unlockDeps":[]},{"id":"item_shredder","netID":135,"name":"Nut Shredder","description":"Shred your loot into nuts.","category":"Bags","categoryV2":"Bags & Gadgets","subcategoryV2":"Bags","price":499,"value":20,"isNew":false,"isVariant":false,"unlockPrice":5,"unlockable":2,"unlockDeps":[],"legacyResearchNode":"node_item_nut_shredder"},{"id":"item_shrinking_broccoli","netID":120,"name":"Micro Broccoli","description":"A dangerous-looking vegetable. Probably shouldn't eat it, but...","category":"Consumables","categoryV2":"Consumables","subcategoryV2":"Sus","price":399,"value":10,"isNew":false,"isVariant":false,"unlockPrice":5,"unlockable":2,"unlockDeps":[],"legacyResearchNode":"node_mini_broccoli"},{"id":"item_snowball","netID":91,"name":"Snowball","description":"A perfectly shaped snowball ready to be thrown.","category":"Weapons","categoryV2":"Weapons","subcategoryV2":"Projectile","price":2147483647,"value":0,"isNew":false,"isVariant":false,"unlockPrice":0,"unlockable":0,"unlockDeps":[]},{"id":"item_stapler","netID":133,"name":"Stapler","description":"A gorgeous red stapler","category":"Loot","categoryV2":"Loot","subcategoryV2":"","price":999,"value":111,"isNew":false,"isVariant":false,"unlockPrice":0,"unlockable":0,"unlockDeps":[]},{"id":"item_stash_grenade","netID":147,"name":"Stash Grenade","description":"Harness the power of the stash for a few seconds","category":"Explosives","categoryV2":"Weapons","subcategoryV2":"Explosives","price":499,"value":1,"isNew":false,"isVariant":false,"unlockPrice":3,"unlockable":2,"unlockDeps":[],"legacyResearchNode":"node_stash_grenade"},{"id":"item_stick_armbones","netID":107,"name":"Arm Bones (Stick)","description":"In case you need to defend your bones with more bones.","category":"Weapons","categoryV2":"Weapons","subcategoryV2":"Melee","price":100,"value":0,"isNew":false,"isVariant":true,"unlockPrice":3,"unlockable":2,"unlockDeps":["item_stick_bone"],"legacyResearchNode":"node_stick_armbones"},{"id":"item_stick_bone","netID":106,"name":"Bone (Stick)","description":"Why use a tree stick when you can use a bone?","category":"Weapons","categoryV2":"Weapons","subcategoryV2":"Melee","price":25,"value":0,"isNew":false,"isVariant":false,"unlockPrice":1,"unlockable":2,"unlockDeps":[],"legacyResearchNode":"node_stick_bone"},{"id":"item_sticker_dispenser","netID":144,"name":"Sticker Dispenser","description":"Drop glowing stickers to mark your path and never lose your way.","category":"Gadgets","categoryV2":"Bags & Gadgets","subcategoryV2":"Recon","price":399,"value":23,"isNew":false,"isVariant":false,"unlockPrice":3,"unlockable":2,"unlockDeps":[],"legacyResearchNode":"node_sticker_dispenser"},{"id":"item_sticky_dynamite","netID":102,"name":"Sticky Dynamite","description":"Dunno what this dynamite got into.","category":"Explosives","categoryV2":"Weapons","subcategoryV2":"Explosives","price":499,"value":35,"isNew":false,"isVariant":false,"unlockPrice":3,"unlockable":2,"unlockDeps":[],"legacyResearchNode":"node_sticky_dynamite"},{"id":"item_stinky_cheese","netID":140,"name":"Stinky Cheese","description":"Stinky Swiss cheese. Stay as far away as possible.","category":"Consumables","categoryV2":"Consumables","subcategoryV2":"Food","price":499,"value":41,"isNew":false,"isVariant":false,"unlockPrice":0,"unlockable":0,"unlockDeps":[]},{"id":"item_tablet","netID":21,"name":"Tablet","description":"It\u2019s like a treasure map, but on a tiny screen.","category":"Gadgets","categoryV2":"Bags & Gadgets","subcategoryV2":"Recon","price":399,"value":15,"isNew":false,"isVariant":false,"unlockPrice":1,"unlockable":2,"unlockDeps":[],"legacyResearchNode":"node_tablet"},{"id":"item_tapedispenser","netID":134,"name":"Tape Dispenser","description":"Perfect for arts and crafts.","category":"Loot","categoryV2":"Loot","subcategoryV2":"","price":999,"value":31,"isNew":false,"isVariant":false,"unlockPrice":0,"unlockable":0,"unlockDeps":[]},{"id":"item_tele_grenade","netID":76,"name":"Tele Grenade","description":"Activate and throw to spatially transpose your body after a delay.","category":"Gadgets","categoryV2":"Bags & Gadgets","subcategoryV2":"Movement","price":299,"value":21,"isNew":false,"isVariant":false,"unlockPrice":1,"unlockable":2,"unlockDeps":[],"legacyResearchNode":"node_teleport_grenade"},{"id":"item_teleport_gun","netID":189,"name":"Teleport Gun","description":"A gun that can spatially transpose your body when fired.","category":"Gadgets","categoryV2":"Bags & Gadgets","subcategoryV2":"Movement","price":2999,"value":193,"isNew":false,"isVariant":false,"unlockPrice":5,"unlockable":2,"unlockDeps":[],"legacyResearchNode":"node_teleport_gun"},{"id":"item_theremin","netID":136,"name":"Theremin","description":"Make some music, or weird noises.","category":"Toys","categoryV2":"Toys","subcategoryV2":"Instruments","price":999,"value":42,"isNew":false,"isVariant":false,"unlockPrice":3,"unlockable":2,"unlockDeps":[],"legacyResearchNode":"node_theramin"},{"id":"item_timebomb","netID":141,"name":"Time Bomb","description":"A bomb that explodes after a certain amount of time.","category":"Loot","categoryV2":"Loot","subcategoryV2":"","price":9999,"value":2025,"isNew":false,"isVariant":false,"unlockPrice":0,"unlockable":0,"unlockDeps":[]},{"id":"item_toilet_paper","netID":39,"name":"Toilet Paper","description":"Soft and in high demand. Turn it in for Nuts.","category":"Loot","categoryV2":"Loot","subcategoryV2":"","price":2147483647,"value":25,"isNew":false,"isVariant":false,"unlockPrice":0,"unlockable":0,"unlockDeps":[]},{"id":"item_toilet_paper_mega","netID":41,"name":"Mega Toilet Paper","description":"Extra fluffy, extra valuable. Turn it in for Nuts.","category":"Loot","categoryV2":"Loot","subcategoryV2":"","price":2147483647,"value":50,"isNew":false,"isVariant":false,"unlockPrice":0,"unlockable":0,"unlockDeps":[]},{"id":"item_toilet_paper_roll_empty","netID":40,"name":"Empty Toilet Paper Roll","description":"It has its uses. Turn it in for Nuts.","category":"Loot","categoryV2":"Loot","subcategoryV2":"","price":2147483647,"value":13,"isNew":false,"isVariant":false,"unlockPrice":0,"unlockable":0,"unlockDeps":[]},{"id":"item_token_circus","netID":246,"name":"Token","description":"Used to play games at the Circus","category":"Loot","categoryV2":"Loot","subcategoryV2":"","price":9999,"value":50,"isNew":false,"isVariant":false,"unlockPrice":0,"unlockable":0,"unlockDeps":[]},{"id":"item_trampoline","netID":245,"name":"Trampoline","description":"Yeah, but can you do a backflip?","category":"Loot","categoryV2":"Loot","subcategoryV2":"","price":9999,"value":67,"isNew":false,"isVariant":false,"unlockPrice":0,"unlockable":0,"unlockDeps":[]},{"id":"item_treestick","netID":90,"name":"Tree Stick","description":"Nature's sword. Can be used as a weapon, but it seems like it will break any second...","category":"Weapons","categoryV2":"Weapons","subcategoryV2":"Melee","price":0,"value":0,"isNew":false,"isVariant":false,"unlockPrice":0,"unlockable":1,"unlockDeps":[]},{"id":"item_tripwire_explosive","netID":22,"name":"Tripwire Explosive","description":"Attach to any surface to create a deadly trap.","category":"Explosives","categoryV2":"Weapons","subcategoryV2":"Explosives","price":499,"value":24,"isNew":false,"isVariant":false,"unlockPrice":1,"unlockable":2,"unlockDeps":[],"legacyResearchNode":"node_tripwire_explosive"},{"id":"item_trophy","netID":42,"name":"Trophy","description":"Everybody deserves one. Turn it in for Nuts.","category":"Loot","categoryV2":"Loot","subcategoryV2":"","price":2147483647,"value":111,"isNew":false,"isVariant":false,"unlockPrice":0,"unlockable":0,"unlockDeps":[]},{"id":"item_turkey_leg","netID":70,"name":"Turkey Leg","description":"A juicy leg from a turkey.","category":"Loot","categoryV2":"Loot","subcategoryV2":"","price":200,"value":9,"isNew":false,"isVariant":false,"unlockPrice":0,"unlockable":0,"unlockDeps":[]},{"id":"item_turkey_whole","netID":69,"name":"Turkey Whole","description":"A whole turkey. Big appetite required!","category":"Loot","categoryV2":"Loot","subcategoryV2":"","price":200,"value":14,"isNew":false,"isVariant":false,"unlockPrice":0,"unlockable":0,"unlockDeps":[]},{"id":"item_ukulele","netID":157,"name":"Ukulele","description":"Serenade your friends with a relaxing tune. Heals nearby players when played.","category":"Toys","categoryV2":"Toys","subcategoryV2":"Instruments","price":999,"value":42,"isNew":false,"isVariant":false,"unlockPrice":3,"unlockable":2,"unlockDeps":[],"legacyResearchNode":"node_ukulele"},{"id":"item_ukulele_gold","netID":158,"name":"Golden Ukulele","description":"Serenade your friends even more with gold. Heals nearby players when played.","category":"Toys","categoryV2":"Toys","subcategoryV2":"Instruments","price":999,"value":42,"isNew":false,"isVariant":true,"unlockPrice":5,"unlockable":3,"unlockDeps":[],"legacyResearchNode":"node_ukulele_gold"},{"id":"item_umbrella","netID":43,"name":"Umbrella","description":"Descend gracefully. Part parachute, part parasol, all fabulous.","category":"Gadgets","categoryV2":"Bags & Gadgets","subcategoryV2":"Movement","price":450,"value":50,"isNew":false,"isVariant":false,"unlockPrice":3,"unlockable":2,"unlockDeps":[],"legacyResearchNode":"node_umbrella"},{"id":"item_umbrella_clover","netID":139,"name":"Clover Umbrella","description":"Descend gracefully, with a touch of luck. Part parachute, part parasol, all charm.","category":"Gadgets","categoryV2":"Bags & Gadgets","subcategoryV2":"Movement","price":450,"value":50,"isNew":false,"isVariant":true,"unlockPrice":3,"unlockable":2,"unlockDeps":["item_umbrella"],"legacyResearchNode":"node_umbrella_clover"},{"id":"item_umbrella_squirrel","netID":203,"name":"Squirrel Umbrella","description":"Descend gracefully, with the spirit of the forest. Part parachute, part parasol, all nutty.","category":"Gadgets","categoryV2":"Bags & Gadgets","subcategoryV2":"Movement","price":450,"value":50,"isNew":false,"isVariant":true,"unlockPrice":5,"unlockable":3,"unlockDeps":[],"legacyResearchNode":"node_umbrella_squirrel"},{"id":"item_unidentified","netID":0,"name":"Unknown Item","description":"???","category":"Hidden","categoryV2":"Hidden","subcategoryV2":"","price":2147483647,"value":0,"isNew":false,"isVariant":false,"unlockPrice":0,"unlockable":0,"unlockDeps":[]},{"id":"item_upsidedown_loot","netID":53,"name":"Upsidedown Loot","description":"Turn this in for Nuts.","category":"Loot","categoryV2":"Loot","subcategoryV2":"","price":2147483647,"value":400,"isNew":false,"isVariant":false,"unlockPrice":0,"unlockable":0,"unlockDeps":[]},{"id":"item_uranium_chunk_l","netID":46,"name":"Large Uranium Chunk","description":"Radioactive metal. Turn this in for Nuts.","category":"Loot","categoryV2":"Loot","subcategoryV2":"","price":2147483647,"value":666,"isNew":false,"isVariant":false,"unlockPrice":0,"unlockable":0,"unlockDeps":[]},{"id":"item_uranium_chunk_m","netID":45,"name":"Uranium Chunk","description":"Radioactive metal. Turn this in for Nuts.","category":"Loot","categoryV2":"Loot","subcategoryV2":"","price":2147483647,"value":450,"isNew":false,"isVariant":false,"unlockPrice":0,"unlockable":0,"unlockDeps":[]},{"id":"item_uranium_chunk_s","netID":44,"name":"Small Uranium Chunk","description":"Radioactive metal. Turn this in for Nuts.","category":"Loot","categoryV2":"Loot","subcategoryV2":"","price":2147483647,"value":360,"isNew":false,"isVariant":false,"unlockPrice":0,"unlockable":0,"unlockDeps":[]},{"id":"item_viking_hammer","netID":167,"name":"Dawn Hammer","description":"Launch your enemies into the sun!","category":"Weapons","categoryV2":"Weapons","subcategoryV2":"Melee","price":699,"value":27,"isNew":false,"isVariant":false,"unlockPrice":3,"unlockable":2,"unlockDeps":[],"legacyResearchNode":"node_viking_hammer"},{"id":"item_viking_hammer_twilight","netID":172,"name":"Twilight Hammer","description":"Launch your enemies like a shooting star!","category":"Weapons","categoryV2":"Weapons","subcategoryV2":"Melee","price":699,"value":28,"isNew":false,"isVariant":true,"unlockPrice":3,"unlockable":2,"unlockDeps":["item_viking_hammer"],"legacyResearchNode":"node_viking_hammer_twilight"},{"id":"item_whoopie","netID":47,"name":"Whoopie","description":"Pfffttt","category":"Toys","categoryV2":"Toys","subcategoryV2":"Misc","price":300,"value":45,"isNew":false,"isVariant":false,"unlockPrice":1,"unlockable":2,"unlockDeps":[],"legacyResearchNode":"node_whoopie"},{"id":"item_wood_log","netID":198,"name":"Wood Log","description":"Perfect for building\u2026 or burning.","category":"Loot","categoryV2":"Loot","subcategoryV2":"","price":9999,"value":67,"isNew":false,"isVariant":false,"unlockPrice":0,"unlockable":0,"unlockDeps":[]},{"id":"item_zipline_gun","netID":111,"name":"Zipline Gun","description":"Load it with rope and fire to instantly create a zipline between two points.","category":"Gadgets","categoryV2":"Bags & Gadgets","subcategoryV2":"Movement","price":1499,"value":22,"isNew":false,"isVariant":false,"unlockPrice":4,"unlockable":2,"unlockDeps":[],"legacyResearchNode":"node_zipline_gun"},{"id":"item_zombie_meat","netID":163,"name":"Zombie Meat","description":"Not fresh. Not valuable. Not... safe.","category":"Loot","categoryV2":"Loot","subcategoryV2":"","price":9999,"value":13,"isNew":false,"isVariant":false,"unlockPrice":0,"unlockable":0,"unlockDeps":[]}]