[{"id":"skill_auto_reload_crossbow","title":"Auto Reload Crossbow","description":"Crossbows will auto reload from your quiver.","connections":["skill_auto_reload_crossbow","skill_quiver_capacity_3"],"price":5,"isStartNode":false,"isNew":true,"skillsUnlock":["AutoReloadCrossbow=1"]},{"id":"skill_auto_reload_grenade_launcher","title":"Auto Reload Grenade Launcher","description":"Grenade Launchers will auto reload from ammo in your backpack when empty.","connections":["skill_auto_reload_grenade_launcher","skill_grenade_launcher_cap_3"],"price":5,"isStartNode":false,"isNew":true,"skillsUnlock":["AutoReloadGrenadeLauncher=1"]},{"id":"skill_auto_reload_revolver","title":"Auto Reload Revolver","description":"Revolvers will auto reload from ammo placed inside your backpack","connections":["skill_auto_reload_revolver","skill_extra_ammo_revolver_2"],"price":5,"isStartNode":false,"isNew":true,"skillsUnlock":["AutoReloadRevolver=1"]},{"id":"skill_auto_reload_shotgun","title":"Auto Reload Shotgun","description":"Shotguns will auto reload from ammo placed inside your backpack.","connections":["skill_auto_reload_shotgun","skill_extra_ammo_shotgun_2"],"price":5,"isStartNode":false,"isNew":true,"skillsUnlock":["AutoReloadShotgun=1"]},{"id":"skill_backpack_cap_1","title":"Expanded Pockets","description":"+1 Capacity to all backpacks you purchase.","connections":["skill_health_1","skill_backpack_cap_1","skill_right_hip_attachment","skill_selling_1","skill_backpack_cap_2"],"price":1,"isStartNode":true,"isNew":false,"skillsUnlock":["BackpackCapacity=1"]},{"id":"skill_backpack_cap_2","title":"Hidden Compartment","description":"+1 Capacity to all backpacks you purchase.","connections":["skill_weighted_move_strength_1","skill_backpack_cap_2","skill_backpack_cap_1","skill_backpack_cap_3"],"price":1,"isStartNode":false,"isNew":false,"skillsUnlock":["BackpackCapacity=1"]},{"id":"skill_backpack_cap_3","title":"Even More Pockets","description":"+1 Capacity to all backpacks you purchase.","connections":["skill_backpack_cap_3","skill_backpack_cap_2"],"price":3,"isStartNode":false,"isNew":false,"skillsUnlock":["BackpackCapacity=1"]},{"id":"skill_buff_extension_1","title":"Buff Extension","description":"+10% time added to consumables and buffs","connections":["skill_buff_extension_1","skill_health_1","skill_buff_extension_2"],"price":1,"isStartNode":false,"isNew":true,"skillsUnlock":["BuffTimeExtension=0.1"]},{"id":"skill_buff_extension_2","title":"Buff Extension+","description":"+25% time added to consumables and buffs","connections":["skill_buff_extension_2","skill_buff_extension_1","skill_buff_extension_3"],"price":3,"isStartNode":false,"isNew":true,"skillsUnlock":["BuffTimeExtension=0.25"]},{"id":"skill_buff_extension_3","title":"Buff Extension++","description":"+50% time added to consumables and buffs","connections":["skill_buff_extension_3","skill_buff_extension_2"],"price":5,"isStartNode":false,"isNew":true,"skillsUnlock":["BuffTimeExtension=0.5"]},{"id":"skill_damage_reduction_1","title":"Defense","description":"-5% to all damage taken","connections":["skill_damage_reduction_1","skill_health_1","skill_damage_reduction_2","skill_explosive_reduction_1"],"price":2,"isStartNode":false,"isNew":true,"skillsUnlock":["DamageReduction=0.05"]},{"id":"skill_damage_reduction_2","title":"Defense+","description":"-10% to all damage taken","connections":["skill_damage_reduction_2","skill_damage_reduction_1","skill_sturdy"],"price":4,"isStartNode":false,"isNew":true,"skillsUnlock":["DamageReduction=0.1"]},{"id":"skill_explosive_1","title":"Explosives Mastery","description":"+10% damage dealt with explosives.","connections":["skill_explosive_1","skill_melee_1","skill_explosive_radius_1","skill_grenade_launcher_cap_1"],"price":1,"isStartNode":false,"isNew":false,"skillsUnlock":["ExplosiveDamage=0.1"]},{"id":"skill_explosive_radius_1","title":"Explosives Radius","description":"+5% radius to explosives blasts.","connections":["skill_explosive_radius_1","skill_explosive_1","skill_explosive_radius_2"],"price":1,"isStartNode":false,"isNew":true,"skillsUnlock":["ExplosiveRadius=0.05"]},{"id":"skill_explosive_radius_2","title":"Explosives Radius+","description":"+10% radius to explosives blasts.","connections":["skill_explosive_radius_2","skill_explosive_radius_1","skill_explosive_radius_3"],"price":3,"isStartNode":false,"isNew":true,"skillsUnlock":["ExplosiveRadius=0.1"]},{"id":"skill_explosive_radius_3","title":"Explosives Radius++","description":"+15% radius to explosives blasts.","connections":["skill_explosive_radius_3","skill_explosive_radius_2"],"price":5,"isStartNode":false,"isNew":true,"skillsUnlock":["ExplosiveRadius=0.15"]},{"id":"skill_explosive_reduction_1","title":"Explosion Defense","description":"-5% to all damage taken from explosives.","connections":["skill_explosive_reduction_1","skill_damage_reduction_1","skill_explosive_reduction_2"],"price":2,"isStartNode":false,"isNew":true,"skillsUnlock":["ExplosiveDamageReduction=0.05"]},{"id":"skill_explosive_reduction_2","title":"Explosion Defense+","description":"-10% to all damage taken from explosives.","connections":["skill_explosive_reduction_2","skill_explosive_reduction_1"],"price":4,"isStartNode":false,"isNew":true,"skillsUnlock":["ExplosiveDamageReduction=0.1"]},{"id":"skill_extra_ammo_revolver_1","title":"Extra Revolver Ammo\n","description":"Revolvers can hold an extra bullet.","connections":["skill_head_damage_1","skill_extra_ammo_revolver_1","skill_extra_ammo_revolver_2","skill_extra_ammo_shotgun_1"],"price":2,"isStartNode":false,"isNew":true,"skillsUnlock":["ExtraAmmoRevolver=1"]},{"id":"skill_extra_ammo_revolver_2","title":"Extra Extra Revolver Ammo","description":"Revolvers can hold an extra bullet.","connections":["skill_extra_ammo_revolver_2","skill_extra_ammo_revolver_1","skill_auto_reload_revolver"],"price":2,"isStartNode":false,"isNew":true,"skillsUnlock":["ExtraAmmoRevolver=1"]},{"id":"skill_extra_ammo_shotgun_1","title":"Extra Shotgun Ammo\n","description":"Shotguns can hold an extra bullet.","connections":["skill_extra_ammo_shotgun_1","skill_extra_ammo_revolver_1","skill_extra_ammo_shotgun_2"],"price":3,"isStartNode":false,"isNew":true,"skillsUnlock":["ExtraAmmoShotgun=1"]},{"id":"skill_extra_ammo_shotgun_2","title":"Extra Extra Shotgun Ammo\n","description":"Shotguns can hold an extra bullet.","connections":["skill_extra_ammo_shotgun_2","skill_extra_ammo_shotgun_1","skill_auto_reload_shotgun"],"price":3,"isStartNode":false,"isNew":true,"skillsUnlock":["ExtraAmmoShotgun=1"]},{"id":"skill_grenade_launcher_cap_1","title":"Grenade Launcher Capacity","description":"+1 Capacity to all grenade launchers you purchase.","connections":["skill_grenade_launcher_cap_1","skill_explosive_1","skill_grenade_launcher_cap_2"],"price":1,"isStartNode":false,"isNew":true,"skillsUnlock":["GrenadeLauncherCapacity=1"]},{"id":"skill_grenade_launcher_cap_2","title":"Grenade Launcher Capacity+","description":"+1 Capacity to all grenade launchers you purchase.","connections":["skill_grenade_launcher_cap_2","skill_grenade_launcher_cap_1","skill_grenade_launcher_cap_3"],"price":2,"isStartNode":false,"isNew":true,"skillsUnlock":["GrenadeLauncherCapacity=1"]},{"id":"skill_grenade_launcher_cap_3","title":"Grenade Launcher Capacity++","description":"+1 Capacity to all grenade launchers you purchase.","connections":["skill_grenade_launcher_cap_3","skill_grenade_launcher_cap_2","skill_auto_reload_grenade_launcher"],"price":3,"isStartNode":false,"isNew":true,"skillsUnlock":["GrenadeLauncherCapacity=1"]},{"id":"skill_gundamage_1","title":"Weapons Mastery","description":"+10% damage dealt with guns","connections":["skill_gundamage_1","skill_melee_1","skill_head_damage_1","skill_projectile_damage_1"],"price":1,"isStartNode":false,"isNew":false,"skillsUnlock":["GunDamage=0.1"]},{"id":"skill_head_damage_1","title":"Headshot Damage","description":"+10% damage dealt to heads.","connections":["skill_head_damage_1","skill_gundamage_1","skill_recoil_reduction_1","skill_extra_ammo_revolver_1"],"price":2,"isStartNode":false,"isNew":true,"skillsUnlock":["HeadDamage=0.1"]},{"id":"skill_health_1","title":"Constitution","description":"+10% maximum health","connections":["skill_health_1","skill_backpack_cap_1","skill_health_2","skill_buff_extension_1","skill_damage_reduction_1"],"price":1,"isStartNode":false,"isNew":false,"skillsUnlock":["Health=0.1"]},{"id":"skill_health_2","title":"More Constitution","description":"+15% maximum health","connections":["skill_health_2","skill_health_1","skill_revive_full_health"],"price":3,"isStartNode":false,"isNew":false,"skillsUnlock":["Health=0.15"]},{"id":"skill_knockback_1","title":"Knockback","description":"+10% knockback dealt with melee","connections":["skill_knockback_1","skill_melee_2","skill_knockback_2"],"price":1,"isStartNode":false,"isNew":true,"skillsUnlock":["MeleeKnockback=0.1"]},{"id":"skill_knockback_2","title":"Knockback+","description":"+15% knockback dealt with melee","connections":["skill_knockback_2","skill_knockback_1","skill_knockback_3"],"price":3,"isStartNode":false,"isNew":true,"skillsUnlock":["MeleeKnockback=0.15"]},{"id":"skill_knockback_3","title":"Knockback++","description":"+20% knockback dealt with melee","connections":["skill_knockback_3","skill_knockback_2"],"price":5,"isStartNode":false,"isNew":true,"skillsUnlock":["MeleeKnockback=0.2"]},{"id":"skill_left_hip_attachment","title":"Tactical Left Hip Slot","description":"Equip an extra item to your left hip","connections":["skill_right_hip_attachment","skill_left_hip_attachment","skill_weighted_move_strength_1"],"price":5,"isStartNode":false,"isNew":false,"skillsUnlock":["LeftHipAttachment=1"]},{"id":"skill_melee_1","title":"Blunt Force Trauma","description":"+10% damage dealt with melee","connections":["skill_melee_2","skill_melee_1","skill_explosive_1","skill_gundamage_1"],"price":1,"isStartNode":true,"isNew":false,"skillsUnlock":["MeleeDamage=0.1"]},{"id":"skill_melee_2","title":"Advanced Blunt Force Trauma","description":"+15% damage dealt with melee","connections":["skill_melee_2","skill_melee_1","skill_melee_3","skill_ore_damage_1","skill_knockback_1"],"price":3,"isStartNode":false,"isNew":false,"skillsUnlock":["MeleeDamage=0.15"]},{"id":"skill_melee_3","title":"Blunt Force Trauma Enthusiast","description":"+20% damage dealt with melee","connections":["skill_melee_3","skill_melee_2"],"price":5,"isStartNode":false,"isNew":false,"skillsUnlock":["MeleeDamage=0.2"]},{"id":"skill_midair_jump_1","title":"Double Jump","description":"Perform 1 extra jump everytime you get air.","connections":["skill_midair_jump_1","skill_weighted_move_strength_2"],"price":5,"isStartNode":false,"isNew":true,"skillsUnlock":["MidAirJumpCount=1"]},{"id":"skill_ore_damage_1","title":"Miner","description":"+25% damage dealt to ore","connections":["skill_ore_damage_1","skill_melee_2","skill_ore_damage_2"],"price":1,"isStartNode":false,"isNew":true,"skillsUnlock":["OreDamage=0.25"]},{"id":"skill_ore_damage_2","title":"Miner+","description":"+50% damage dealt to ore","connections":["skill_ore_damage_2","skill_ore_damage_1"],"price":1,"isStartNode":false,"isNew":true,"skillsUnlock":["OreDamage=0.5"]},{"id":"skill_projectile_damage_1","title":"Projectile Damage","description":"+10% damage dealt with projectiles thrown or fired from a crossbox.","connections":["skill_projectile_damage_1","skill_gundamage_1","skill_quiver_capacity_1"],"price":1,"isStartNode":false,"isNew":true,"skillsUnlock":["ProjectileDamage=0.1"]},{"id":"skill_quiver_capacity_1","title":"Quiver Capacity","description":"+1 Capacity to all quivers you purchase.","connections":["skill_quiver_capacity_1","skill_projectile_damage_1","skill_quiver_capacity_2"],"price":1,"isStartNode":false,"isNew":true,"skillsUnlock":["QuiverCapacity=1"]},{"id":"skill_quiver_capacity_2","title":"Quiver Capacity+","description":"+1 Capacity to all quivers you purchase.","connections":["skill_quiver_capacity_2","skill_quiver_capacity_1","skill_quiver_capacity_3"],"price":2,"isStartNode":false,"isNew":true,"skillsUnlock":["QuiverCapacity=1"]},{"id":"skill_quiver_capacity_3","title":"Quiver Capacity++","description":"+1 Capacity to all quivers you purchase.","connections":["skill_quiver_capacity_3","skill_quiver_capacity_2","skill_auto_reload_crossbow"],"price":3,"isStartNode":false,"isNew":true,"skillsUnlock":["QuiverCapacity=1"]},{"id":"skill_recoil_reduction_1","title":"Steady Hand","description":"-10% to hand recoil when using guns.","connections":["skill_recoil_reduction_1","skill_head_damage_1","skill_recoil_reduction_2"],"price":1,"isStartNode":false,"isNew":true,"skillsUnlock":["HandRecoilReduction=0.1"]},{"id":"skill_recoil_reduction_2","title":"Steady Hand+","description":"-15% to hand recoil when using guns.","connections":["skill_recoil_reduction_2","skill_recoil_reduction_1","skill_recoil_reduction_3"],"price":2,"isStartNode":false,"isNew":true,"skillsUnlock":["HandRecoilReduction=0.15"]},{"id":"skill_recoil_reduction_3","title":"Steady Hand++","description":"-20% to hand recoil when using guns.","connections":["skill_recoil_reduction_3","skill_recoil_reduction_2"],"price":3,"isStartNode":false,"isNew":true,"skillsUnlock":["HandRecoilReduction=0.2"]},{"id":"skill_revive_full_health","title":"Revive With Full Health","description":"Come back with full health when your ghostie is revived.","connections":["skill_revive_full_health","skill_health_2"],"price":5,"isStartNode":false,"isNew":true,"skillsUnlock":["ReviveFullHealth=1"]},{"id":"skill_right_hip_attachment","title":"Tactical Right Hip Slot","description":"Equip an extra item to your right hip","connections":["skill_right_hip_attachment","skill_left_hip_attachment","skill_backpack_cap_1","skill_weighted_move_strength_1"],"price":5,"isStartNode":false,"isNew":false,"skillsUnlock":["RightHipAttachment=1"]},{"id":"skill_selling_1","title":"Tax Evasion","description":"+5% nut value of items sold.","connections":["skill_selling_2","skill_selling_1","skill_backpack_cap_1"],"price":1,"isStartNode":false,"isNew":false,"skillsUnlock":["ItemValueMultiplier=0.05"]},{"id":"skill_selling_2","title":"Advanced Evasion","description":"+10% nut value of items sold.","connections":["skill_selling_2","skill_selling_1","skill_selling_3"],"price":3,"isStartNode":false,"isNew":false,"skillsUnlock":["ItemValueMultiplier=0.1"]},{"id":"skill_selling_3","title":"Fraud","description":"+15% nut value of items sold.","connections":["skill_selling_3","skill_selling_2"],"price":5,"isStartNode":false,"isNew":false,"skillsUnlock":["ItemValueMultiplier=0.15"]},{"id":"skill_sturdy","title":"Sturdy","description":"Survive a 1 Hit KO when at full health","connections":["skill_sturdy","skill_damage_reduction_2"],"price":5,"isStartNode":false,"isNew":true,"skillsUnlock":["SurviveOneHitKO=1"]},{"id":"skill_weighted_move_strength_1","title":"Weighted Movement Strength","description":"+10% strength for moving around with a lot of weight.","connections":["skill_weighted_move_strength_1","skill_backpack_cap_2","skill_left_hip_attachment","skill_right_hip_attachment","skill_weighted_move_strength_2"],"price":1,"isStartNode":false,"isNew":true,"skillsUnlock":["WeightedMovementStrength=0.1"]},{"id":"skill_weighted_move_strength_2","title":"Weighted Movement Strength+","description":"+30% strength for moving around with a lot of weight.","connections":["skill_weighted_move_strength_2","skill_weighted_move_strength_1","skill_midair_jump_1","skill_weighted_move_strength_3"],"price":3,"isStartNode":false,"isNew":true,"skillsUnlock":["WeightedMovementStrength=0.3"]},{"id":"skill_weighted_move_strength_3","title":"Weighted Movement Strength++","description":"+50% strength for moving around with a lot of weight.","connections":["skill_weighted_move_strength_3","skill_weighted_move_strength_2"],"price":5,"isStartNode":false,"isNew":true,"skillsUnlock":["WeightedMovementStrength=0.5"]}]