{"gitHash":"cd344961","fileSignatures":{"econ_avatar_items.json":"FJjFmXnoB78uSMAs3qszxcOXdjCmiY5xFZDeWxS1p50ABdmq7KQ/JC031YvQ16xC7/r2mQDeY5VxEFK7oXXzCw==","econ_crafting_materials.json":"ryueiCSXKsCANVbwU1EMlFQCOCBgimzaIHxX2eQrXvjFrBPaqRTcog82xLGISQvxkhrxM48OaHNa9LIMDRXWBQ==","econ_gameplay_items.json":"LRVaSXdK/CJvIYI3qCdaQV0qp82Djeuds2HbA+eQpSW9mmNVqQwW9dAs+zsB99tjpUz9TPHdvyvPEzQBt0j5Dg==","econ_products.json":"iAE9S2TLgI+bZi+q8Zs5U+bJBcZH44UJQIcTGbAbPK67SHF8H3Wxr6bPsZKpCxf7Hc+ModRJagIvt1qpW243DQ==","econ_research_nodes.json":"ZoTFppd4LpBSVfDTlFLRnQ3ov9tjofK2E6dYR63MXjO5GQLuZXIr1INWOgflzlXhffp0i3Odkqbnkwa0+ZdeDw==","econ_skill_tree.json":"PhnxCjBq0bjBEVUxTblnx1dcQC2q5IMw2PHK7IGF67lh0sDvjj60y2rDZa/wHOhQVt0N1ixjppDJLeeBAs0xCA==","econ_stash_upgrades.json":"YE3hF0r72w45zvakYDNeMKSPwy5pxBdRwc5/k/zbIFQhRj1VUFxenGjQ/U4hNDWX+ynkjYNAaXOCJqODPm4zAQ==","econ_loot_table.json":"tVDBHA8uuocCoH0ZA24KZXCeouBhk+c5c4DSe41LTfdIHCtr7AFjDeVr+iqz6hJPiAk9LfrIFN5l5QQPUSrPAw==","econ_loot_table_bindings.json":"zliJsOOzf3L/nj7p2SVF6P3POUu6fkTpJyMYJQknGRs5fah+vpNsJokOwEVHs8vylWS4iAEdft7V+XfclaRyAA==","econ_events.json":"sMFJRWmsYHlx3bN26wFhY6X1zlpxbV6vW0lX1cdfC0OPBgNcj4VeVL8SqNhYkCSXz5XhDOzXq7CLLez8vYj1Bw=="}}